symbol,date,score,n_headlines
AAPL,2020-03-09,-0.36533824,3
AAPL,2020-03-10,-0.3781804,8
AAPL,2020-03-11,-0.2627669,14
AAPL,2020-03-12,-0.24329734,5
AAPL,2020-03-13,0.097736605,11
AAPL,2020-03-16,-0.40201083,17
AAPL,2020-03-17,-0.13387376,12
AAPL,2020-03-18,-0.050103765,4
AAPL,2020-03-19,0.14884433,2
AAPL,2020-03-20,0.103756875,2
AAPL,2020-03-23,-0.102611125,9
AAPL,2020-03-24,0.11888546,7
AAPL,2020-03-25,0.19765185,12
AAPL,2020-03-26,0.100509055,1
AAPL,2020-03-27,0.08933433,12
AAPL,2020-03-30,-0.18342896,6
AAPL,2020-03-31,0.15861832,5
AAPL,2020-04-01,-0.48704833,7
AAPL,2020-04-02,0.121386185,4
AAPL,2020-04-03,-0.44800705,5
AAPL,2020-04-06,0.27039063,8
AAPL,2020-04-07,0.4800595,2
AAPL,2020-04-08,0.14252047,10
AAPL,2020-04-09,0.23544411,5
AAPL,2020-04-13,-0.012386844,8
AAPL,2020-04-14,0.29453495,5
AAPL,2020-04-15,0.40097418,6
AAPL,2020-04-16,0.34100592,8
AAPL,2020-04-17,-0.009265989,10
AAPL,2020-04-20,0.13202414,6
AAPL,2020-04-21,0.06692725,6
AAPL,2020-04-22,0.42344034,4
AAPL,2020-04-23,-0.34660217,6
AAPL,2020-04-24,-0.12542497,6
AAPL,2020-04-27,-0.091071054,18
AAPL,2020-04-28,-0.12059692,2
AAPL,2020-04-29,0.61354053,4
AAPL,2020-04-30,0.101271614,36
AAPL,2020-05-01,0.2922635,28
AAPL,2020-05-04,0.14937276,8
AAPL,2020-05-05,0.08985338,6
AAPL,2020-05-06,0.24594517,5
AAPL,2020-05-08,-0.27169284,7
AAPL,2020-05-11,0.08851049,3
AAPL,2020-05-12,0.17205332,8
AAPL,2020-05-13,0.25586078,3
AAPL,2020-05-14,0.07169507,6
AAPL,2020-05-15,-0.35318062,7
AAPL,2020-05-18,-0.04885575,4
AAPL,2020-05-19,-0.092300326,4
AAPL,2020-05-20,0.42644694,7
AAPL,2020-05-21,0.004607022,5
AAPL,2020-05-22,0.19820431,1
AAPL,2020-05-26,0.4572525,4
AAPL,2020-05-27,0.3515565,11
AAPL,2020-05-28,-0.08951202,12
AAPL,2020-05-29,0.15903272,6
AAPL,2020-06-01,-0.21710813,23
AAPL,2020-06-02,0.004089314,8
AAPL,2020-06-09,0.49258727,4
AAPL,2020-06-10,0.38364136,6
AAPL,2022-06-03,-0.34495187,10
AAPL,2022-06-06,0.100063466,29
AAPL,2022-06-07,0.08389007,22
AAPL,2022-06-08,-0.072024874,25
AAPL,2022-06-09,-0.25291884,27
AAPL,2022-06-10,-0.09201538,24
AAPL,2022-06-13,-0.036278415,30
AAPL,2022-06-14,0.12521565,18
AAPL,2022-06-15,0.11300113,22
AAPL,2022-06-16,-0.1845234,16
AAPL,2022-06-17,0.13068831,26
AAPL,2022-06-21,0.12691236,26
AAPL,2022-06-22,0.21270381,16
AAPL,2022-06-23,0.014043105,24
AAPL,2022-06-24,0.05175705,16
AAPL,2022-06-27,-0.040339924,30
AAPL,2022-06-28,-0.11936863,19
AAPL,2022-06-29,-0.021861512,23
AAPL,2022-06-30,-0.28923222,29
AAPL,2022-07-01,0.05514167,18
AAPL,2022-07-05,-0.029440578,31
AAPL,2022-07-06,0.16473508,16
AAPL,2022-07-07,0.1242894,16
AAPL,2022-07-08,-0.2837035,5
AAPL,2022-07-11,0.021839302,15
AAPL,2022-07-12,-0.09947543,23
AAPL,2022-07-13,0.027185496,17
AAPL,2022-07-14,0.029519934,22
AAPL,2022-07-15,0.14203551,16
AAPL,2022-07-18,-0.20205536,28
AAPL,2022-07-19,0.026057735,38
AAPL,2022-07-20,0.15975031,26
AAPL,2022-07-21,0.18715057,18
AAPL,2022-07-22,-0.23440327,33
AAPL,2022-07-25,-0.071736395,47
AAPL,2022-07-26,-0.26886058,16
AAPL,2022-07-27,-0.015416355,23
AAPL,2022-07-28,-0.13469426,33
AAPL,2022-07-29,0.2693379,36
AAPL,2022-08-01,-0.115161955,20
AAPL,2022-08-02,0.027780024,11
AAPL,2022-08-03,0.053627804,19
AAPL,2022-08-04,-0.17731488,19
AAPL,2022-08-05,-0.12017411,7
AAPL,2022-08-08,0.029135955,28
AAPL,2022-08-09,-0.19584851,20
AAPL,2022-08-10,0.22834767,23
AAPL,2022-08-11,0.20442331,12
AAPL,2022-08-12,0.15172741,13
AAPL,2022-08-15,-0.066734426,23
AAPL,2022-08-16,0.11535996,17
AAPL,2022-08-17,0.12749046,14
AAPL,2022-08-18,0.099883795,13
AAPL,2022-08-19,-0.15237316,18
AAPL,2022-08-22,-0.17271183,26
AAPL,2022-08-23,0.09056401,19
AAPL,2022-08-24,-0.03782886,12
AAPL,2022-08-25,-0.12059123,13
AAPL,2022-08-26,-0.013176054,20
AAPL,2022-08-29,-0.068734266,31
AAPL,2022-08-30,-0.14728488,17
AAPL,2022-08-31,0.10142274,16
AAPL,2022-09-01,-0.015358162,17
AAPL,2022-09-02,0.16860911,14
AAPL,2022-09-06,-0.024726141,28
AAPL,2022-09-07,0.007266864,25
AAPL,2022-09-08,0.09077235,21
AAPL,2022-09-09,0.32580256,19
AAPL,2022-09-12,0.19074968,18
AAPL,2022-09-13,-0.20288596,25
AAPL,2022-09-14,0.010381327,25
AAPL,2022-09-15,-0.27902323,17
AAPL,2022-09-16,0.04043124,10
AAPL,2022-09-19,-0.17785297,22
AAPL,2022-09-20,0.060067065,19
AAPL,2022-09-21,0.14319055,12
AAPL,2022-09-22,0.022258762,21
AAPL,2022-09-23,-0.2593333,18
AAPL,2022-09-26,-0.0559688,29
AAPL,2022-09-27,-0.1318431,24
AAPL,2022-09-28,-0.18589701,33
AAPL,2022-09-29,-0.3782071,27
AAPL,2022-09-30,-0.02244519,15
AAPL,2022-10-03,0.09441062,27
AAPL,2022-10-04,0.13571192,28
AAPL,2022-10-05,-0.024616174,23
AAPL,2022-10-06,-0.10749949,14
AAPL,2022-10-07,-0.25421146,15
AAPL,2022-10-10,-0.06994922,22
AAPL,2022-10-11,-0.14311056,14
AAPL,2022-10-12,0.25826547,17
AAPL,2022-10-13,-0.071850665,18
AAPL,2022-10-14,0.047012154,11
AAPL,2022-10-17,0.23093708,31
AAPL,2022-10-18,0.077628024,21
AAPL,2022-10-19,-0.0030450374,12
AAPL,2022-10-20,0.03931588,14
AAPL,2022-10-21,0.098431766,19
AAPL,2022-10-24,-0.008653742,29
AAPL,2022-10-25,-0.05584353,29
AAPL,2022-10-26,-0.2878895,22
AAPL,2022-10-27,-0.091909565,33
AAPL,2022-10-28,0.07633899,30
AAPL,2022-10-31,-0.27443197,34
AAPL,2022-11-01,-0.42861027,13
AAPL,2022-11-02,-0.10036234,15
AAPL,2022-11-03,-0.3461418,19
AAPL,2022-11-04,0.14616564,12
AAPL,2022-11-07,-0.09242614,28
AAPL,2022-11-08,-0.097287685,15
AAPL,2022-11-09,-0.1722275,19
AAPL,2022-11-10,8.446215e-05,22
AAPL,2022-11-11,0.2296375,20
AAPL,2022-11-14,-0.109314054,21
AAPL,2022-11-15,0.029416213,12
AAPL,2022-11-16,0.11395639,12
AAPL,2022-11-17,0.023317095,15
AAPL,2022-11-18,0.17631644,16
AAPL,2022-11-21,-0.019807385,19
AAPL,2022-11-22,0.025000742,18
AAPL,2022-11-23,-0.05579324,16
AAPL,2022-11-25,-0.13027956,26
AAPL,2022-11-28,-0.24759336,33
AAPL,2022-11-29,-0.20444664,25
AAPL,2022-11-30,-0.03936014,19
AAPL,2022-12-01,0.09375537,24
AAPL,2022-12-02,-0.15958725,23
AAPL,2022-12-05,0.058129422,29
AAPL,2022-12-06,-0.06907107,18
AAPL,2022-12-07,-0.38447106,24
AAPL,2022-12-08,-0.05185877,22
AAPL,2022-12-09,0.19509333,9
AAPL,2022-12-12,0.2059042,20
AAPL,2022-12-13,0.20436628,10
AAPL,2022-12-14,-0.017213935,12
AAPL,2022-12-15,-0.17365628,19
AAPL,2022-12-16,-0.17044951,14
AAPL,2022-12-19,-0.085048,24
AAPL,2022-12-20,-0.09166872,11
AAPL,2022-12-21,0.065673634,14
AAPL,2022-12-22,0.00059562817,14
AAPL,2022-12-23,0.0032386987,13
AAPL,2022-12-27,-0.039436642,32
AAPL,2022-12-28,0.052472543,22
AAPL,2022-12-29,0.088967495,20
AAPL,2022-12-30,-0.25255373,22
AAPL,2023-01-03,0.0652708,46
AAPL,2023-01-04,-0.0031563356,21
AAPL,2023-01-05,-0.05107218,17
AAPL,2023-01-06,-0.032282718,17
AAPL,2023-01-09,0.07074284,27
AAPL,2023-01-10,-0.00891008,20
AAPL,2023-01-11,0.10400013,19
AAPL,2023-01-12,0.117370054,17
AAPL,2023-01-13,0.057895046,14
AAPL,2023-01-17,0.00790005,38
AAPL,2023-01-18,0.018328952,20
AAPL,2023-01-19,-0.23691632,17
AAPL,2023-01-20,-0.13043354,17
AAPL,2023-01-23,0.17790772,37
AAPL,2023-01-24,0.060747266,18
AAPL,2023-01-25,-0.33011648,18
AAPL,2023-01-26,-0.14741252,20
AAPL,2023-01-27,0.19067521,14
AAPL,2023-01-30,-0.1917083,41
AAPL,2023-01-31,-0.0008568668,30
AAPL,2023-02-01,-0.18848376,23
AAPL,2023-02-02,0.10998794,33
AAPL,2023-02-03,-0.2949759,39
AAPL,2023-02-06,-0.028703893,27
AAPL,2023-02-07,0.18268396,18
AAPL,2023-02-08,0.059247088,16
AAPL,2023-02-09,-0.031342022,14
AAPL,2023-02-10,-0.15666685,15
AAPL,2023-02-13,0.28066868,23
AAPL,2023-02-14,-0.08083772,17
AAPL,2023-02-15,-0.15905179,15
AAPL,2023-02-16,-0.30365434,9
AAPL,2023-02-17,-0.098530166,13
AAPL,2023-02-21,-0.0899217,28
AAPL,2023-02-22,0.03834583,11
AAPL,2023-02-23,-0.20200463,16
AAPL,2023-02-24,0.28582186,9
AAPL,2023-02-27,0.112367384,23
AAPL,2023-02-28,-0.12291687,17
AAPL,2023-03-01,-0.025348209,18
AAPL,2023-03-02,0.11915828,14
AAPL,2023-03-03,0.112236194,21
AAPL,2023-03-06,-0.027996562,33
AAPL,2023-03-07,0.08587732,17
AAPL,2023-03-08,-0.057810705,6
AAPL,2023-03-09,0.038349345,18
AAPL,2023-03-10,-0.12204499,7
AAPL,2023-03-13,-0.0819138,23
AAPL,2023-03-14,0.19939874,16
AAPL,2023-03-15,0.004467959,12
AAPL,2023-03-16,0.20005994,12
AAPL,2023-03-17,0.14760458,13
AAPL,2023-03-20,-0.087240085,15
AAPL,2023-03-21,0.10044041,13
AAPL,2023-03-22,-0.007855799,16
AAPL,2023-03-23,0.10061654,23
AAPL,2023-03-24,0.046552572,15
AAPL,2023-03-27,0.16707149,20
AAPL,2023-03-28,-0.10512391,22
AAPL,2023-03-29,0.22385314,15
AAPL,2023-03-30,0.06135082,23
AAPL,2023-03-31,0.1668638,23
AAPL,2023-04-03,-0.006706239,28
AAPL,2023-04-04,0.0048183342,21
AAPL,2023-04-05,0.12936504,30
AAPL,2023-04-06,-0.099930346,24
AAPL,2023-04-10,-0.1521896,36
AAPL,2023-04-11,0.04447492,19
AAPL,2023-04-12,-0.021629456,16
AAPL,2023-04-13,0.07904081,25
AAPL,2023-04-14,0.02483427,12
AAPL,2023-04-17,-0.038245227,32
AAPL,2023-04-18,0.12309468,18
AAPL,2023-04-19,0.044560693,14
AAPL,2023-04-20,-0.017462615,19
AAPL,2023-04-21,0.04837481,14
AAPL,2023-04-24,-0.037476208,28
AAPL,2023-04-25,0.12311974,19
AAPL,2023-04-26,-0.25282922,19
AAPL,2023-04-27,0.15347588,16
AAPL,2023-04-28,0.036406465,11
AAPL,2023-05-01,0.0343576,31
AAPL,2023-05-02,-0.20305064,19
AAPL,2023-05-03,-0.11550331,22
AAPL,2023-05-04,-0.14299017,35
AAPL,2023-05-05,0.08409548,49
AAPL,2023-05-08,0.06801789,29
AAPL,2023-05-09,-0.07133932,26
AAPL,2023-05-10,0.030096818,20
AAPL,2023-05-11,-0.04270185,17
AAPL,2023-05-12,0.01721332,19
AAPL,2023-05-15,0.17611586,18
AAPL,2023-05-16,0.14160222,17
AAPL,2023-05-17,0.086108305,22
AAPL,2023-05-18,0.023838209,23
AAPL,2023-05-19,-0.0962118,25
AAPL,2023-05-22,0.008347505,29
AAPL,2023-05-23,0.009432533,24
AAPL,2023-05-24,0.12573135,17
AAPL,2023-05-25,0.13107893,19
AAPL,2023-05-26,-3.0818795e-05,14
AAPL,2023-05-30,0.13398975,41
AAPL,2023-05-31,0.16455422,17
AAPL,2023-06-01,0.057662606,21
AAPL,2023-06-02,0.008960184,27
AAPL,2023-06-05,-0.04803216,38
AAPL,2023-06-06,0.0073394533,27
AAPL,2023-06-07,0.18197648,18
AAPL,2023-06-08,-0.025109595,24
AAPL,2023-06-09,0.10789919,25
AAPL,2023-06-12,0.16720222,23
AAPL,2023-06-13,0.19958134,29
AAPL,2023-06-14,0.06347473,19
AAPL,2023-06-15,-0.09057163,26
AAPL,2023-06-16,-0.08694245,13
AAPL,2023-06-20,0.1379487,38
AAPL,2023-06-21,0.06454306,14
AAPL,2023-06-22,-0.07028847,12
AAPL,2023-06-23,-0.049393382,13
AAPL,2023-06-26,0.06560083,29
AAPL,2023-06-27,0.07498364,20
AAPL,2023-06-28,0.18825586,21
AAPL,2023-06-29,0.21062781,24
AAPL,2023-06-30,0.27448714,32
AAPL,2023-07-03,-0.01052112,44
AAPL,2023-07-05,-0.021915233,29
AAPL,2023-07-06,0.10454907,20
AAPL,2023-07-07,0.045846082,19
AAPL,2023-07-10,0.0265081,27
AAPL,2023-07-11,0.13031815,20
AAPL,2023-07-12,-0.23186119,14
AAPL,2023-07-13,0.22065249,18
AAPL,2023-07-14,0.1542844,21
AAPL,2023-07-17,0.21737441,33
AAPL,2023-07-18,-0.09078779,20
AAPL,2023-07-19,0.17360021,15
AAPL,2023-07-20,0.013154936,20
AAPL,2023-07-21,0.048558496,15
AAPL,2023-07-24,0.1496798,30
AAPL,2023-07-25,0.16922554,18
AAPL,2023-07-26,0.18852492,28
AAPL,2023-07-27,0.06161911,18
AAPL,2023-07-28,0.1490461,19
AAPL,2023-07-31,0.19307464,50
AAPL,2023-08-01,-0.0007646226,21
AAPL,2023-08-02,-0.1274012,26
AAPL,2023-08-03,-0.190453,36
AAPL,2023-08-04,-0.08853157,52
AAPL,2023-08-07,0.15669802,42
AAPL,2023-08-08,-0.03916876,18
AAPL,2023-08-09,-0.19149919,22
AAPL,2023-08-10,-0.029003222,25
AAPL,2023-08-11,-0.08351068,20
AAPL,2023-08-14,0.13634397,22
AAPL,2023-08-15,-0.008842465,22
AAPL,2023-08-16,0.21039782,14
AAPL,2023-08-17,-0.11656754,22
AAPL,2023-08-18,-0.20205815,20
AAPL,2023-08-21,-0.06930453,25
AAPL,2023-08-22,0.061327167,14
AAPL,2023-08-23,0.23529635,30
AAPL,2023-08-24,0.02347961,19
AAPL,2023-08-25,0.03961564,20
AAPL,2023-08-28,0.057145383,30
AAPL,2023-08-29,0.056194562,12
AAPL,2023-08-30,0.043036733,24
AAPL,2023-08-31,0.10093973,24
AAPL,2023-09-01,0.2097404,12
AAPL,2023-09-05,-0.06811718,34
AAPL,2023-09-06,-0.3899566,30
AAPL,2023-09-07,-0.2698781,50
AAPL,2023-09-08,-0.21132995,48
AAPL,2023-09-11,0.0597005,51
AAPL,2023-09-12,-0.042966086,53
AAPL,2023-09-13,-0.082961656,55
AAPL,2023-09-14,0.0072380584,36
AAPL,2023-09-15,0.068269074,20
AAPL,2023-09-18,0.060809944,38
AAPL,2023-09-19,-0.077490725,19
AAPL,2023-09-20,-0.13675846,24
AAPL,2023-09-21,0.02475306,26
AAPL,2023-09-22,-0.07761136,24
AAPL,2023-09-25,-0.016520618,26
AAPL,2023-09-26,-0.27626574,30
AAPL,2023-09-27,-0.15467192,29
AAPL,2023-09-28,-0.109328456,22
AAPL,2023-09-29,0.08868734,24
AAPL,2023-10-02,-0.016600886,37
AAPL,2023-10-03,-0.14448221,21
AAPL,2023-10-04,-0.15243743,24
AAPL,2023-10-05,0.14383283,19
AAPL,2023-10-06,-0.099625625,13
AAPL,2023-10-09,-0.08519243,37
AAPL,2023-10-10,0.06885586,20
AAPL,2023-10-11,-0.0111961635,22
AAPL,2023-10-12,-0.058035955,13
AAPL,2023-10-13,-0.038761947,20
AAPL,2023-10-16,0.062049035,39
AAPL,2023-10-17,-0.069663,17
AAPL,2023-10-18,0.11975322,17
AAPL,2023-10-19,0.05152501,27
AAPL,2023-10-20,0.18190274,16
AAPL,2023-10-23,0.05606578,35
AAPL,2023-10-24,0.1372127,22
AAPL,2023-10-25,-0.05628135,31
AAPL,2023-10-26,0.041928858,24
AAPL,2023-10-27,0.15137106,22
AAPL,2023-10-30,0.067900345,55
AAPL,2023-10-31,0.10276985,20
AAPL,2023-11-01,-0.042834587,30
AAPL,2023-11-02,0.2926105,41
AAPL,2023-11-03,-0.3229393,33
AAPL,2023-11-06,0.027502984,33
AAPL,2023-11-07,0.15617082,23
AAPL,2023-11-08,-0.062945016,24
AAPL,2023-11-09,0.08251947,23
AAPL,2023-11-10,0.036445573,16
AAPL,2023-11-13,0.00950119,27
AAPL,2023-11-14,0.041642744,26
AAPL,2023-11-15,0.07013035,18
AAPL,2023-11-16,-0.029283138,14
AAPL,2023-11-17,0.07630527,15
AAPL,2023-11-20,0.14006,23
AAPL,2023-11-21,0.21799521,12
AAPL,2023-11-22,0.073687874,13
AAPL,2023-11-24,0.25575912,29
AAPL,2023-11-27,0.12963153,21
AAPL,2023-11-28,0.015605163,12
AAPL,2023-11-29,0.097067,19
AAPL,2023-11-30,0.0075666234,12
AAPL,2023-12-01,0.18782762,20
AAPL,2023-12-04,-0.09349253,41
AAPL,2023-12-05,-0.009707495,22
AAPL,2023-12-06,0.110713854,20
AAPL,2023-12-07,0.088722326,19
AAPL,2023-12-08,0.03856927,12
AAPL,2023-12-11,0.039475035,48
AAPL,2023-12-12,0.16551794,37
AAPL,2023-12-13,0.16968971,22
AAPL,2023-12-14,0.052707158,10
AAPL,2023-12-15,0.15374349,5
AAPL,2023-12-18,0.10652983,40
JNJ,2015-02-02,0.23127739,49
JNJ,2015-02-03,0.45198876,2
JNJ,2015-02-06,0.016657371,1
JNJ,2015-02-10,0.40552354,1
JNJ,2015-02-12,-0.69437915,4
JNJ,2015-02-13,-0.014692996,4
JNJ,2015-02-17,0.2131691,4
JNJ,2015-02-18,0.25663507,8
JNJ,2015-02-20,0.14245906,3
JNJ,2015-02-23,0.45256692,5
JNJ,2015-02-24,-0.94966453,1
JNJ,2015-02-25,0.04109837,4
JNJ,2015-02-26,0.83983034,1
JNJ,2015-02-27,0.08372671,1
JNJ,2015-03-02,0.15370274,4
JNJ,2015-03-04,0.020374494,6
JNJ,2015-03-05,-0.90792376,2
JNJ,2015-03-10,0.012096673,3
JNJ,2015-03-16,-0.16330512,3
JNJ,2015-03-18,0.039918378,1
JNJ,2015-03-19,-0.00283263,3
JNJ,2015-03-24,-0.8214168,1
JNJ,2015-03-27,0.10316244,2
JNJ,2015-03-30,0.9182663,1
JNJ,2015-04-01,0.06507952,1
JNJ,2015-04-02,0.15044631,2
JNJ,2015-04-06,-0.50694793,1
JNJ,2015-04-07,-0.021134842,1
JNJ,2015-04-13,0.5017134,4
JNJ,2015-04-14,-0.3406015,10
JNJ,2015-04-15,0.1828604,4
JNJ,2015-04-23,0.24268053,3
JNJ,2015-04-29,-0.03633614,1
JNJ,2015-05-05,0.099150605,1
JNJ,2015-05-07,0.16776884,2
JNJ,2015-05-11,0.030960217,3
JNJ,2015-05-12,0.5653131,3
JNJ,2015-05-14,-0.024182888,1
JNJ,2015-05-15,0.27626792,4
JNJ,2015-05-18,0.9070203,1
JNJ,2015-05-19,0.3341175,5
JNJ,2015-05-20,0.014551401,6
JNJ,2015-05-21,0.031020394,4
JNJ,2015-05-22,-0.41327208,2
JNJ,2015-05-27,-0.562065,2
JNJ,2015-05-28,0.5805069,1
JNJ,2015-05-29,-0.79771304,1
JNJ,2015-06-01,0.6277806,3
JNJ,2015-06-04,0.91808754,1
JNJ,2015-06-05,-0.9497975,1
JNJ,2015-06-08,-0.9408088,2
JNJ,2015-06-09,0.9256261,1
JNJ,2015-06-11,-0.057412364,1
JNJ,2015-06-15,-0.9497975,1
JNJ,2015-06-19,0.7946256,1
JNJ,2015-06-26,-0.057412364,1
JNJ,2015-07-07,0.09518915,2
JNJ,2015-07-10,0.0039693564,1
JNJ,2015-07-13,0.4684136,2
JNJ,2015-07-14,0.07567646,7
JNJ,2015-07-28,0.042263947,1
JNJ,2015-07-29,-0.057412364,1
JNJ,2015-08-03,0.70817673,1
JNJ,2015-08-04,0.010439625,1
JNJ,2015-08-10,0.04308027,2
JNJ,2015-08-12,-0.03746747,2
JNJ,2015-08-13,0.016947601,1
JNJ,2015-08-18,-0.1468126,1
JNJ,2015-08-19,-0.8719959,1
JNJ,2015-08-21,0.032286346,1
JNJ,2015-08-24,-0.02192786,1
JNJ,2015-08-25,0.066455245,3
JNJ,2015-09-01,0.030125268,1
JNJ,2015-09-02,-0.95824057,1
JNJ,2015-09-08,-0.5404511,1
JNJ,2015-09-09,-0.05741258,1
JNJ,2015-09-18,0.06816092,2
JNJ,2015-09-22,0.038501605,1
JNJ,2015-09-25,-0.04640323,3
JNJ,2015-09-28,0.88962996,1
JNJ,2015-09-29,0.44298294,4
JNJ,2015-10-05,0.2636137,3
JNJ,2015-10-06,-0.5335493,1
JNJ,2015-10-07,-0.021272065,1
JNJ,2015-10-09,0.6237246,1
JNJ,2015-10-12,-0.014726013,1
JNJ,2015-10-13,-0.24985743,13
JNJ,2015-10-14,0.8690511,2
JNJ,2015-10-16,0.8219122,1
JNJ,2015-10-19,0.65345484,3
JNJ,2015-10-21,0.106832944,1
JNJ,2015-10-26,0.8599858,1
JNJ,2015-10-29,0.58932424,2
JNJ,2015-11-04,-0.1699764,2
JNJ,2015-11-06,0.7529805,1
JNJ,2015-11-09,0.91029567,1
JNJ,2015-11-16,0.008035447,1
JNJ,2015-11-23,0.018993607,1
JNJ,2015-12-01,0.5849864,5
JNJ,2015-12-07,-0.2583762,2
JNJ,2015-12-08,0.9332485,1
JNJ,2015-12-10,-0.015694225,1
JNJ,2015-12-16,0.022723584,1
JNJ,2015-12-18,0.11740927,1
JNJ,2015-12-21,0.11286893,3
JNJ,2015-12-22,0.68863004,1
JNJ,2015-12-23,-0.1611106,3
JNJ,2015-12-30,0.41095075,1
JNJ,2016-01-04,0.049488064,1
JNJ,2016-01-06,0.48084682,1
JNJ,2016-01-07,0.7813555,1
JNJ,2016-01-08,0.42991525,2
JNJ,2016-01-11,0.93109775,1
JNJ,2016-01-13,0.89772964,1
JNJ,2016-01-14,0.02659135,2
JNJ,2016-01-15,0.058512382,2
JNJ,2016-01-19,0.21849656,6
JNJ,2016-01-25,-0.036437627,2
JNJ,2016-01-26,-0.061745465,7
JNJ,2016-01-27,-0.10173701,4
JNJ,2016-01-28,0.10424552,9
JNJ,2016-02-01,0.2344089,2
JNJ,2016-02-04,0.03365753,1
JNJ,2016-02-05,0.04912689,1
JNJ,2016-02-08,-0.38946843,2
JNJ,2016-02-09,0.45510465,2
JNJ,2016-02-10,0.06394769,1
JNJ,2016-02-16,-0.02703894,1
JNJ,2016-02-17,-0.036757145,1
JNJ,2016-02-18,0.41094548,2
JNJ,2016-02-22,0.2955502,3
JNJ,2016-02-25,0.1470152,1
JNJ,2016-02-26,-0.009084497,1
JNJ,2016-02-29,0.013113715,2
JNJ,2016-03-02,0.06407489,2
JNJ,2016-03-03,0.80819833,1
JNJ,2016-03-07,0.005264947,1
JNJ,2016-03-08,-0.019832581,2
JNJ,2016-03-14,0.039280146,4
JNJ,2016-03-17,-0.1691043,3
JNJ,2016-03-18,0.5817428,1
JNJ,2016-03-21,0.679,2
JNJ,2016-03-23,0.89931715,1
JNJ,2016-03-31,-0.46997863,2
JNJ,2016-04-01,0.55958074,1
JNJ,2016-04-04,-0.5479067,3
JNJ,2016-04-05,-0.68761283,3
JNJ,2016-04-06,0.16655898,8
JNJ,2016-04-14,0.89931715,1
JNJ,2016-04-15,-0.20054397,1
JNJ,2016-04-18,0.1296486,3
JNJ,2016-04-19,0.18005311,7
JNJ,2016-04-20,0.58690196,5
JNJ,2016-04-22,-0.029309424,1
JNJ,2016-04-25,0.08091529,1
JNJ,2016-04-26,0.0049740225,1
JNJ,2016-04-27,-0.023827594,2
JNJ,2016-04-28,0.8392453,3
JNJ,2016-04-29,-0.027486071,1
JNJ,2016-05-02,-0.045988802,1
JNJ,2016-05-03,-0.9237747,1
JNJ,2016-05-05,-0.8338978,1
JNJ,2016-05-10,-0.18173195,2
JNJ,2016-05-11,0.40516326,2
JNJ,2016-05-12,-0.73658967,1
JNJ,2016-05-13,-0.47551513,3
JNJ,2016-05-16,0.03927123,1
JNJ,2016-05-17,0.8014853,2
JNJ,2016-05-19,-0.0028795805,2
JNJ,2016-05-20,0.032685235,3
JNJ,2016-06-01,0.6745853,1
JNJ,2016-06-02,-0.29645902,3
JNJ,2016-06-06,0.41851985,4
JNJ,2016-06-09,-0.1468127,1
JNJ,2016-06-10,0.9109278,1
JNJ,2016-06-13,0.92812485,1
JNJ,2016-06-14,0.031599358,2
JNJ,2016-06-16,-0.33125252,1
JNJ,2016-06-22,0.20482871,4
JNJ,2016-06-23,0.7880864,2
JNJ,2016-06-24,0.08811434,1
JNJ,2016-06-27,0.21691148,2
JNJ,2016-07-06,0.11799759,2
JNJ,2016-07-07,0.8674656,1
JNJ,2016-07-08,0.011430379,1
JNJ,2016-07-11,0.11243578,3
JNJ,2016-07-14,0.5383989,2
JNJ,2016-07-18,0.015452601,6
JNJ,2016-07-19,-0.039179277,10
JNJ,2016-07-20,0.28972244,6
JNJ,2016-07-21,-0.00092253834,1
JNJ,2016-07-22,-0.4677398,1
JNJ,2016-07-25,0.05083119,1
JNJ,2016-08-05,-0.19166309,2
JNJ,2016-08-08,-0.81765306,2
JNJ,2016-08-11,-0.9335009,1
JNJ,2016-08-16,0.9205117,1
JNJ,2016-08-17,0.27880234,3
JNJ,2016-08-18,0.2704475,3
JNJ,2016-08-19,-0.940069,1
JNJ,2016-08-22,0.10832446,1
JNJ,2016-08-23,0.22029695,1
JNJ,2016-08-24,0.04041379,2
JNJ,2016-08-31,-0.3586523,1
JNJ,2016-09-01,0.81992006,1
JNJ,2016-09-06,-0.43957746,2
JNJ,2016-09-08,0.15758157,2
JNJ,2016-09-09,0.80873936,1
JNJ,2016-09-12,-0.07880523,3
JNJ,2016-09-15,0.3394464,2
JNJ,2016-09-16,0.23127948,7
JNJ,2016-09-19,0.1351093,1
JNJ,2016-09-21,-0.9535887,1
JNJ,2016-09-22,0.029350124,2
JNJ,2016-09-26,0.5060535,3
JNJ,2016-09-28,0.019642187,1
JNJ,2016-10-04,-0.2660336,1
JNJ,2016-10-11,0.0063239187,2
JNJ,2016-10-17,0.1078505,3
JNJ,2016-10-18,0.2069618,9
JNJ,2016-10-19,0.48706967,2
JNJ,2016-10-24,0.024257105,1
JNJ,2016-10-28,0.28717923,2
JNJ,2016-10-31,0.033480197,1
JNJ,2016-11-04,-0.88865316,1
JNJ,2016-11-09,-0.13707256,2
JNJ,2016-11-10,0.9058231,1
JNJ,2016-11-11,0.035954434,1
JNJ,2016-11-14,0.76706946,2
JNJ,2016-11-15,0.20070076,2
JNJ,2016-11-17,0.80392045,1
JNJ,2016-11-22,-0.87326777,2
JNJ,2016-11-25,-0.0779841,4
JNJ,2016-11-28,0.031413656,3
JNJ,2016-11-29,-0.2854136,6
JNJ,2016-11-30,0.1466769,1
JNJ,2016-12-02,-0.96522874,1
JNJ,2016-12-05,0.45787555,1
JNJ,2016-12-06,0.195753,3
JNJ,2016-12-07,-0.43732837,2
JNJ,2016-12-12,-0.41383645,2
JNJ,2016-12-13,-0.5046935,2
JNJ,2016-12-14,-0.034807272,4
JNJ,2016-12-15,-0.0031218966,2
JNJ,2016-12-16,0.8333409,1
JNJ,2016-12-19,0.48451397,2
JNJ,2016-12-20,0.7043502,1
JNJ,2016-12-21,0.15751746,2
JNJ,2016-12-22,-0.0543081,2
JNJ,2016-12-28,0.8758024,2
JNJ,2016-12-29,0.03801649,1
JNJ,2016-12-30,0.38950774,2
JNJ,2017-01-05,-0.91369295,1
JNJ,2017-01-06,0.047240853,1
JNJ,2017-01-09,0.037458796,1
JNJ,2017-01-10,-0.4563194,1
JNJ,2017-01-11,0.79194903,1
JNJ,2017-01-12,0.06944644,1
JNJ,2017-01-17,0.016713727,2
JNJ,2017-01-20,0.030222276,2
JNJ,2017-01-23,0.13233513,6
JNJ,2017-01-24,0.036915217,12
JNJ,2017-01-25,0.35995144,2
JNJ,2017-01-26,-0.27794704,6
JNJ,2017-01-27,0.0446359,1
JNJ,2017-01-31,0.7680078,1
JNJ,2017-02-06,0.8674271,1
JNJ,2017-02-14,0.9038031,1
JNJ,2017-02-15,0.43991563,2
JNJ,2017-02-16,0.09118966,2
JNJ,2017-02-17,0.021367997,3
JNJ,2017-02-21,0.021067074,1
JNJ,2017-02-22,0.26687706,1
JNJ,2017-02-23,0.058901317,2
JNJ,2017-02-27,-0.32943133,5
JNJ,2017-03-03,0.93324476,1
JNJ,2017-03-06,-0.65449184,1
JNJ,2017-03-07,-0.6375312,1
JNJ,2017-03-08,-0.048875958,1
JNJ,2017-03-10,0.057355262,2
JNJ,2017-03-14,0.02410078,1
JNJ,2017-03-16,0.88288665,1
JNJ,2017-03-21,-0.46852893,2
JNJ,2017-03-22,0.44623068,2
JNJ,2017-03-24,0.07649769,5
JNJ,2017-03-27,-0.007700313,2
JNJ,2017-03-31,0.038998216,2
JNJ,2017-04-03,-0.90093094,1
JNJ,2017-04-05,0.21238191,1
JNJ,2017-04-10,-0.13026834,2
JNJ,2017-04-12,0.8670087,1
JNJ,2017-04-17,0.3592448,3
JNJ,2017-04-18,0.03548187,8
JNJ,2017-04-20,0.003945224,2
JNJ,2017-04-24,0.023986718,3
JNJ,2017-04-27,0.20957159,3
JNJ,2017-05-01,0.0657615,1
JNJ,2017-05-03,0.103839844,2
JNJ,2017-05-12,0.07663691,1
JNJ,2017-05-15,-0.4361906,3
JNJ,2017-05-17,0.2020645,3
JNJ,2017-05-18,0.06411678,1
JNJ,2017-05-30,0.58476937,3
JNJ,2017-05-31,0.7016664,1
JNJ,2017-06-01,-0.92807263,1
JNJ,2017-06-05,0.46872827,2
JNJ,2017-06-07,0.83863926,1
JNJ,2017-06-09,-0.35486645,5
JNJ,2017-06-12,-0.3037347,3
JNJ,2017-06-13,0.87413675,1
JNJ,2017-06-14,0.8899546,2
JNJ,2017-06-16,0.36590338,3
JNJ,2017-06-19,0.70591664,1
JNJ,2017-06-20,-0.006145846,1
JNJ,2017-06-21,0.6095364,3
JNJ,2017-06-22,0.018070415,2
JNJ,2017-06-23,0.29637605,4
JNJ,2017-06-26,0.002740765,1
JNJ,2017-06-28,0.16466478,2
JNJ,2017-07-05,-0.07368098,1
JNJ,2017-07-06,0.06480779,2
JNJ,2017-07-10,0.187404,2
JNJ,2017-07-12,-0.11516293,1
JNJ,2017-07-13,0.7434975,1
JNJ,2017-07-14,-0.14622946,1
JNJ,2017-07-17,-0.21080555,3
JNJ,2017-07-18,0.05294252,7
JNJ,2017-07-19,0.8107654,1
JNJ,2017-07-20,0.24983223,3
JNJ,2017-07-21,-0.69281054,3
JNJ,2017-07-24,0.09642831,4
JNJ,2017-07-25,0.22739428,2
JNJ,2017-07-27,0.2332341,3
JNJ,2017-07-31,0.6608931,1
JNJ,2017-08-01,0.040626843,2
JNJ,2017-08-02,-0.8736094,1
JNJ,2017-08-07,0.008271884,2
JNJ,2017-08-09,0.8565337,1
JNJ,2017-08-16,-0.31576023,1
JNJ,2017-08-21,-0.72315514,1
JNJ,2017-08-22,-0.28868812,2
JNJ,2017-08-23,-0.55497754,1
JNJ,2017-08-24,0.46530682,2
JNJ,2017-08-31,-0.15041699,2
JNJ,2017-09-01,0.09050025,1
JNJ,2017-09-07,-0.28323135,2
JNJ,2017-09-11,0.29024413,3
JNJ,2017-09-12,-0.047342665,2
JNJ,2017-09-14,0.067294694,1
JNJ,2017-09-15,0.51703846,1
JNJ,2017-09-19,-0.3605832,1
JNJ,2017-09-20,-0.815056,3
JNJ,2017-09-21,0.107110865,1
JNJ,2017-09-25,0.008386049,1
JNJ,2017-09-26,0.26369086,1
JNJ,2017-09-27,-0.061585948,1
JNJ,2017-09-28,0.036391757,3
JNJ,2017-10-02,0.53699726,3
JNJ,2017-10-05,-0.35392323,1
JNJ,2017-10-06,0.27514806,1
JNJ,2017-10-09,0.095182896,2
JNJ,2017-10-11,-0.06351132,8
JNJ,2017-10-12,-0.032316808,1
JNJ,2017-10-13,0.21332572,4
JNJ,2017-10-16,0.068101406,4
JNJ,2017-10-17,-0.050000355,11
JNJ,2017-10-18,-0.1643605,5
JNJ,2017-10-19,0.0378327,2
JNJ,2017-10-20,0.90905255,1
JNJ,2017-10-23,0.055896875,3
JNJ,2017-10-24,-0.16631371,1
JNJ,2017-10-25,0.5909585,2
JNJ,2017-10-27,-0.0076007433,1
JNJ,2017-10-30,0.5382913,3
JNJ,2017-10-31,0.858602,1
JNJ,2017-11-06,0.47957265,2
JNJ,2017-11-09,-0.96022147,1
JNJ,2017-11-16,-0.80046254,3
JNJ,2017-11-20,0.9056847,1
JNJ,2017-11-21,0.8681876,1
JNJ,2017-11-22,-0.08478776,1
JNJ,2017-11-28,-0.583853,1
JNJ,2017-11-29,0.06058936,1
JNJ,2017-11-30,-0.28142014,1
JNJ,2017-12-01,0.23984343,1
JNJ,2017-12-04,0.29926875,3
JNJ,2017-12-05,-0.8727503,1
JNJ,2017-12-11,0.18148002,1
JNJ,2017-12-13,0.4687407,2
JNJ,2017-12-20,0.061768524,1
JNJ,2017-12-21,0.00228557,4
JNJ,2017-12-22,0.085152455,2
JNJ,2018-01-02,-0.0930697,4
JNJ,2018-01-05,-0.023026813,1
JNJ,2018-01-08,-0.77831507,1
JNJ,2018-01-10,0.47521436,1
JNJ,2018-01-16,-0.50107515,2
JNJ,2018-01-17,-0.16146685,6
JNJ,2018-01-18,0.061268106,2
JNJ,2018-01-19,0.030940711,2
JNJ,2018-01-22,0.027783165,5
JNJ,2018-01-23,0.01488283,12
JNJ,2018-01-25,0.13285969,2
JNJ,2018-01-29,0.31397244,3
JNJ,2018-02-01,0.05439174,1
JNJ,2018-02-05,-0.96109885,1
JNJ,2018-02-07,0.6844714,1
JNJ,2018-02-08,-0.2642324,2
JNJ,2018-02-09,0.70575076,1
JNJ,2018-02-14,-0.39478618,2
JNJ,2018-02-15,0.9148019,1
JNJ,2018-02-20,0.052699074,1
JNJ,2018-02-21,-0.01739904,1
JNJ,2018-02-22,0.015805226,1
JNJ,2018-02-27,0.5074427,3
JNJ,2018-03-01,0.42707828,2
JNJ,2018-03-06,0.9198126,1
JNJ,2018-03-07,0.8244871,1
JNJ,2018-03-08,-0.10545173,2
JNJ,2018-03-12,0.9302243,1
JNJ,2018-03-13,0.1567703,1
JNJ,2018-03-16,0.2654541,1
JNJ,2018-03-20,0.1962794,4
JNJ,2018-03-22,-0.5437008,1
JNJ,2018-03-23,0.019975187,1
JNJ,2018-04-02,0.016850773,1
JNJ,2018-04-06,0.037496418,2
JNJ,2018-04-10,0.4572853,2
JNJ,2018-04-11,-0.91804546,1
JNJ,2018-04-12,0.756753,3
JNJ,2018-04-13,0.30818787,3
JNJ,2018-04-16,-0.02257981,5
JNJ,2018-04-17,0.24644732,5
JNJ,2018-04-18,0.2879838,2
JNJ,2018-04-19,0.80239415,1
JNJ,2018-04-20,-0.7439436,1
JNJ,2018-04-26,0.77657044,1
JNJ,2018-05-01,0.03004412,2
JNJ,2018-05-02,0.11478406,1
JNJ,2018-05-03,-0.9098959,1
JNJ,2018-05-07,0.93361247,1
JNJ,2018-05-08,0.015064842,2
JNJ,2018-05-14,0.9253646,1
JNJ,2018-05-17,0.04520016,2
JNJ,2018-05-21,0.14450116,3
JNJ,2018-05-24,0.093558386,1
JNJ,2018-05-25,0.91874415,1
JNJ,2018-05-29,-0.29508457,3
JNJ,2018-05-30,0.7447324,1
JNJ,2018-05-31,0.29755187,1
JNJ,2018-06-04,0.83348876,1
JNJ,2018-06-06,0.5283053,1
JNJ,2018-06-07,0.18957129,1
JNJ,2018-06-11,0.9093541,1
JNJ,2018-06-12,0.6002013,1
JNJ,2018-06-14,0.035043865,1
JNJ,2018-06-18,0.07960844,2
JNJ,2018-06-19,-0.055850714,1
JNJ,2018-06-25,0.4940764,1
JNJ,2018-06-26,0.8863191,1
JNJ,2018-06-27,-0.22115794,2
JNJ,2018-06-29,-0.94969946,1
JNJ,2018-07-05,0.14317179,2
JNJ,2018-07-09,0.2713013,1
JNJ,2018-07-10,0.07215455,1
JNJ,2018-07-11,0.12640136,1
JNJ,2018-07-12,-0.40173784,7
JNJ,2018-07-13,-0.1577114,4
JNJ,2018-07-16,0.013047693,8
JNJ,2018-07-17,0.11007409,8
JNJ,2018-07-18,0.65004253,1
JNJ,2018-07-24,0.27870685,1
JNJ,2018-07-26,0.016999587,1
JNJ,2018-07-30,0.9010841,1
JNJ,2018-08-01,-0.7437982,1
JNJ,2018-08-06,0.92902404,1
JNJ,2018-08-08,0.5273877,1
JNJ,2018-08-16,-0.055636544,1
JNJ,2018-08-20,0.013927586,2
JNJ,2018-08-22,-0.950499,1
JNJ,2018-08-24,-0.27213404,6
JNJ,2018-08-27,0.5422945,4
JNJ,2018-08-31,0.9015993,1
JNJ,2018-09-04,0.3054867,2
JNJ,2018-09-10,0.008671361,2
JNJ,2018-09-11,0.026513167,1
JNJ,2018-09-12,0.9253112,1
JNJ,2018-09-13,-0.32508722,3
JNJ,2018-09-14,0.19756582,1
JNJ,2018-09-17,-0.010121133,1
JNJ,2018-09-19,0.048532072,1
JNJ,2018-09-20,0.050680395,1
JNJ,2018-09-24,-0.369799,2
JNJ,2018-09-26,0.04787069,1
JNJ,2018-09-27,-0.6432441,3
JNJ,2018-10-01,0.0062835906,1
JNJ,2018-10-03,0.86040676,1
JNJ,2018-10-04,0.12172941,6
JNJ,2018-10-09,0.3974095,1
JNJ,2018-10-11,0.8433876,2
JNJ,2018-10-15,-0.22350524,4
JNJ,2018-10-16,0.14486484,9
JNJ,2018-10-17,0.2801114,6
JNJ,2018-10-19,-0.26815706,1
JNJ,2018-10-22,0.74855596,1
JNJ,2018-10-23,-0.30954978,2
JNJ,2018-10-24,0.9389817,1
JNJ,2018-10-26,0.1772275,1
JNJ,2018-10-29,0.022280335,3
JNJ,2018-11-05,0.09022647,3
JNJ,2018-11-07,0.6891387,1
JNJ,2018-11-16,0.93686986,1
JNJ,2018-11-20,0.21099293,3
JNJ,2018-11-21,-0.16862601,2
JNJ,2018-11-23,-0.020971261,1
JNJ,2018-11-26,0.02785625,2
JNJ,2018-11-27,0.9150236,1
JNJ,2018-12-03,0.5795485,2
JNJ,2018-12-04,0.34837627,3
JNJ,2018-12-06,-0.3200638,1
JNJ,2018-12-12,0.054893512,3
JNJ,2018-12-13,-0.56443286,1
JNJ,2018-12-14,-0.3930269,14
JNJ,2018-12-17,-0.2879595,11
JNJ,2018-12-18,0.05807789,7
JNJ,2018-12-19,-0.12962124,7
JNJ,2018-12-20,0.10784944,3
JNJ,2018-12-21,-0.33522338,2
JNJ,2018-12-24,0.023543444,1
JNJ,2018-12-27,-0.05582939,1
JNJ,2019-01-02,0.36650264,1
JNJ,2019-01-03,0.5972664,3
JNJ,2019-01-04,0.80108297,1
JNJ,2019-01-07,0.122063935,3
JNJ,2019-01-10,0.063639,1
JNJ,2019-01-11,0.43328974,2
JNJ,2019-01-14,-0.23074733,3
JNJ,2019-01-15,0.33771038,2
JNJ,2019-01-16,0.8236178,2
JNJ,2019-01-17,0.38670027,3
JNJ,2019-01-18,-0.033078685,1
JNJ,2019-01-22,-0.49286255,12
JNJ,2019-01-23,0.32546222,3
JNJ,2019-01-28,-0.0025141053,1
JNJ,2019-01-31,0.8633108,2
JNJ,2019-02-05,-0.7758271,2
JNJ,2019-02-06,-0.44535065,1
JNJ,2019-02-08,0.035814278,1
JNJ,2019-02-11,-0.010293274,2
JNJ,2019-02-12,0.46035862,2
JNJ,2019-02-13,-0.1348981,5
JNJ,2019-02-15,-0.0013728142,2
JNJ,2019-02-19,-0.7500516,1
JNJ,2019-02-21,-0.013758704,4
JNJ,2019-02-25,0.7720478,1
JNJ,2019-02-26,0.09422698,1
JNJ,2019-03-04,0.0061864164,2
JNJ,2019-03-05,0.72875315,1
JNJ,2019-03-06,0.25754863,4
JNJ,2019-03-07,0.20434076,4
JNJ,2019-03-11,0.35981336,2
JNJ,2019-03-12,0.439933,2
JNJ,2019-03-13,-0.9392876,1
JNJ,2019-03-15,0.9223591,1
JNJ,2019-03-19,0.065648995,1
JNJ,2019-03-25,0.48995984,2
JNJ,2019-03-26,0.3677285,3
JNJ,2019-03-27,0.33044472,5
JNJ,2019-03-28,0.4534645,2
JNJ,2019-04-04,0.7961752,1
JNJ,2019-04-08,0.10629833,2
JNJ,2019-04-09,0.36522147,2
JNJ,2019-04-11,0.15707959,1
JNJ,2019-04-12,-0.023573756,2
JNJ,2019-04-15,0.48240414,1
JNJ,2019-04-16,0.35774103,11
JNJ,2019-04-17,0.7625955,6
JNJ,2019-04-18,0.8168393,1
JNJ,2019-04-22,0.07574066,3
JNJ,2019-04-23,0.46771836,2
JNJ,2019-04-24,0.022892457,1
JNJ,2019-04-25,0.62722147,1
JNJ,2019-04-30,0.015695533,1
JNJ,2019-05-02,-0.16402829,2
JNJ,2019-05-06,-0.0106699355,1
JNJ,2019-05-07,-0.0071346364,3
JNJ,2019-05-09,0.02969959,1
JNJ,2019-05-10,-0.46085003,1
JNJ,2019-05-13,-0.9469771,1
JNJ,2019-05-14,-0.79618114,1
JNJ,2019-05-15,0.7297028,1
JNJ,2019-05-16,0.061762094,2
JNJ,2019-05-17,-0.13632004,2
JNJ,2019-05-20,0.011059465,2
JNJ,2019-05-21,-0.52822036,3
JNJ,2019-05-22,0.07626657,2
JNJ,2019-05-29,-0.27345157,5
JNJ,2019-05-30,0.08257271,2
JNJ,2019-05-31,-0.6257906,4
JNJ,2019-06-03,0.88062567,1
JNJ,2019-06-04,0.387175,3
JNJ,2019-06-11,0.4165193,3
JNJ,2019-06-12,-0.5709162,4
JNJ,2019-06-14,0.84208244,1
JNJ,2019-06-19,0.1865621,1
JNJ,2019-06-24,0.60272664,1
JNJ,2019-06-26,0.008316362,1
JNJ,2019-06-28,0.9033338,1
JNJ,2019-07-08,0.85783374,1
JNJ,2019-07-09,0.55841124,1
JNJ,2019-07-10,0.8181941,3
JNJ,2019-07-11,0.18379566,2
JNJ,2019-07-12,-0.17063433,9
JNJ,2019-07-15,0.18455088,3
JNJ,2019-07-16,0.016184233,11
JNJ,2019-07-17,-0.28677407,3
JNJ,2019-07-19,0.6607076,4
JNJ,2019-07-22,0.4517307,2
JNJ,2019-07-23,0.39012688,2
JNJ,2019-07-26,0.78287655,1
JNJ,2019-07-29,-0.0740175,3
JNJ,2019-07-31,0.15973024,1
JNJ,2019-08-12,0.4823737,1
JNJ,2019-08-13,0.90110946,2
JNJ,2019-08-20,0.41185397,1
JNJ,2019-08-21,0.030326389,2
JNJ,2019-08-22,0.27368188,2
JNJ,2019-08-26,-0.6193779,6
JNJ,2019-08-27,0.16480367,17
JNJ,2019-08-28,0.13168429,3
JNJ,2019-08-29,0.3749771,2
JNJ,2019-09-03,-0.30754825,3
JNJ,2019-09-04,0.9173229,1
JNJ,2019-09-09,0.85081214,1
JNJ,2019-09-11,0.044971008,3
JNJ,2019-09-16,0.07465978,4
JNJ,2019-09-18,0.0040189847,3
JNJ,2019-09-20,0.79015976,2
JNJ,2019-09-23,0.03394879,2
JNJ,2019-09-25,0.067009464,1
JNJ,2019-09-26,0.90200984,2
JNJ,2019-09-27,-0.46692348,1
JNJ,2019-09-30,0.08271202,3
JNJ,2019-10-01,0.49484265,1
JNJ,2019-10-02,0.28880462,5
JNJ,2019-10-03,0.92569375,1
JNJ,2019-10-04,0.5169826,1
JNJ,2019-10-09,0.176295,6
JNJ,2019-10-11,0.22774413,5
JNJ,2019-10-14,-0.05565673,6
JNJ,2019-10-15,0.48581037,14
JNJ,2019-10-16,-0.013820357,13
JNJ,2019-10-17,-0.11059266,3
JNJ,2019-10-18,-0.34577653,10
JNJ,2019-10-21,0.051496826,7
JNJ,2019-10-22,0.8863367,1
JNJ,2019-10-23,0.35252684,4
JNJ,2019-10-24,-0.48465237,4
JNJ,2019-10-25,-0.7437345,2
JNJ,2019-10-29,-0.18015419,7
JNJ,2019-10-30,0.15765738,6
JNJ,2019-10-31,-0.9576292,1
JNJ,2019-11-04,-0.77671444,1
JNJ,2019-11-07,0.20892105,2
JNJ,2019-11-11,0.8643992,1
JNJ,2019-11-12,-0.9330839,1
JNJ,2019-11-13,0.035062112,1
JNJ,2019-11-14,0.18602768,1
JNJ,2019-11-15,-0.030631343,3
JNJ,2019-11-18,0.0035840329,1
JNJ,2019-11-19,0.88632363,1
JNJ,2019-11-20,-0.19588476,2
JNJ,2019-11-21,0.16070583,1
JNJ,2019-11-22,0.47888097,1
JNJ,2019-11-26,-0.54765856,5
JNJ,2019-11-27,-0.5104861,2
JNJ,2019-11-29,-0.4396079,2
JNJ,2019-12-02,-0.80334324,1
JNJ,2019-12-03,0.101195514,1
JNJ,2019-12-04,-0.53502566,2
JNJ,2019-12-05,0.9336981,1
JNJ,2019-12-06,-0.019705266,1
JNJ,2019-12-09,0.5520089,6
JNJ,2019-12-10,0.63047683,2
JNJ,2019-12-17,0.10430275,4
JNJ,2019-12-19,0.2744553,3
JNJ,2019-12-20,0.28181052,3
JNJ,2019-12-23,-0.052898653,1
JNJ,2019-12-26,0.0034449864,1
JNJ,2020-01-02,0.25834823,4
JNJ,2020-01-06,-0.6208871,2
JNJ,2020-01-07,0.35372218,3
JNJ,2020-01-09,0.8934587,2
JNJ,2020-01-10,0.37514776,1
JNJ,2020-01-15,0.5211401,1
JNJ,2020-01-17,0.15181255,3
JNJ,2020-01-21,0.009789688,5
JNJ,2020-01-22,0.01417794,16
JNJ,2020-01-23,0.548816,3
JNJ,2020-01-27,0.45267358,4
JNJ,2020-01-28,0.9136024,1
JNJ,2020-01-29,0.4043962,3
JNJ,2020-01-30,-0.59067833,1
JNJ,2020-02-03,0.00532729,1
JNJ,2020-02-04,0.12760314,1
JNJ,2020-02-05,0.07533512,3
JNJ,2020-02-06,-0.629241,4
JNJ,2020-02-07,-0.7450415,2
JNJ,2020-02-10,0.047170013,2
JNJ,2020-02-11,0.5207869,2
JNJ,2020-02-12,0.9199757,1
JNJ,2020-02-14,-0.34170958,2
JNJ,2020-02-18,0.9327146,1
JNJ,2020-02-21,-0.022390628,1
JNJ,2020-02-25,0.38778713,1
JNJ,2020-02-28,-0.96511245,1
JNJ,2020-03-02,0.26191184,1
JNJ,2020-03-03,-0.32342404,2
JNJ,2020-03-04,0.4575475,4
JNJ,2020-03-05,-0.16954324,2
JNJ,2020-03-06,-0.2437807,2
JNJ,2020-03-09,-0.05683809,1
JNJ,2020-03-10,0.6488528,3
JNJ,2020-03-11,-0.26092947,2
JNJ,2020-03-12,-0.9439237,2
JNJ,2020-03-13,0.01092805,4
JNJ,2020-03-16,-0.2638786,3
JNJ,2020-03-17,0.19614412,1
JNJ,2020-03-18,0.6119611,1
JNJ,2020-03-19,0.06891798,1
JNJ,2020-03-20,0.45767814,2
JNJ,2020-03-23,-0.9441926,2
JNJ,2020-03-24,0.5737202,2
JNJ,2020-03-25,0.6444298,1
JNJ,2020-03-26,0.8754848,1
JNJ,2020-03-27,-0.24559587,4
JNJ,2020-03-30,0.38726565,9
JNJ,2020-03-31,0.030363321,2
JNJ,2020-04-01,-0.53700113,2
JNJ,2020-04-02,0.28605777,3
JNJ,2020-04-03,0.28853646,3
JNJ,2020-04-06,0.3066816,3
JNJ,2020-04-07,0.20655482,1
JNJ,2020-04-08,0.19448948,2
JNJ,2020-04-09,0.5015925,1
JNJ,2020-04-13,-0.33679432,4
JNJ,2020-04-14,0.19142021,15
JNJ,2020-04-15,0.5754632,7
JNJ,2020-04-16,0.35499576,3
JNJ,2020-04-17,0.58141077,2
JNJ,2020-04-20,-0.062421802,3
JNJ,2020-04-21,0.11018204,1
JNJ,2020-04-22,0.18102984,5
JNJ,2020-04-23,0.4990565,3
JNJ,2020-04-24,0.5457433,5
JNJ,2020-04-27,0.15553036,3
JNJ,2020-04-28,-0.011335363,3
JNJ,2020-04-29,0.8941593,3
JNJ,2020-04-30,0.90687203,2
JNJ,2020-05-01,-0.08709851,2
JNJ,2020-05-04,0.015695533,1
JNJ,2020-05-05,0.31082973,3
JNJ,2020-05-11,0.10796662,1
JNJ,2020-05-12,0.31029248,1
JNJ,2020-05-15,0.5914932,1
JNJ,2020-05-18,0.26239842,3
JNJ,2020-05-19,-0.1932679,3
JNJ,2020-05-20,-0.88530445,1
JNJ,2020-05-22,0.30007112,2
JNJ,2020-05-26,0.24711908,1
JNJ,2020-06-01,0.035833664,1
JNJ,2020-06-02,0.44388953,3
JNJ,2020-06-03,0.20616995,1
JNJ,2020-06-09,-0.51946807,2
JNJ,2020-06-10,0.18900608,3
JNJ,2020-06-11,-0.2813792,5
JPM,2018-09-17,0.03365091,9
JPM,2018-09-18,0.22134694,4
JPM,2018-09-19,0.067628495,8
JPM,2018-09-20,0.1772629,12
JPM,2018-09-21,0.2997062,4
JPM,2018-09-24,0.015083912,21
JPM,2018-09-25,-0.14526811,3
JPM,2018-09-26,0.22195734,3
JPM,2018-09-27,-0.10802607,9
JPM,2018-09-28,0.04952301,10
JPM,2018-10-01,0.3793539,4
JPM,2018-10-02,0.18243207,5
JPM,2018-10-03,-0.059031766,8
JPM,2018-10-04,-0.09372604,7
JPM,2018-10-05,-0.04775734,12
JPM,2018-10-08,-0.17108689,15
JPM,2018-10-09,-0.13575028,7
JPM,2018-10-10,0.2127176,9
JPM,2018-10-11,0.047222726,13
JPM,2018-10-12,-0.01100007,22
JPM,2018-10-15,-0.27712065,16
JPM,2018-10-16,0.17070031,7
JPM,2018-10-17,0.36462972,7
JPM,2018-10-18,-0.4605774,2
JPM,2018-10-19,0.16268124,4
JPM,2018-10-22,0.038661998,8
JPM,2018-10-23,-0.22867802,4
JPM,2018-10-24,-0.34298274,5
JPM,2018-10-25,-0.030501792,3
JPM,2018-10-26,0.2001845,9
JPM,2018-10-29,0.08363178,6
JPM,2018-10-30,0.00807995,1
JPM,2018-10-31,0.06794968,4
JPM,2018-11-01,0.16352138,3
JPM,2018-11-02,0.45861462,2
JPM,2018-11-05,0.03786697,8
JPM,2018-11-06,-0.090776,6
JPM,2018-11-07,0.38430548,2
JPM,2018-11-08,0.16541566,6
JPM,2018-11-09,0.096360505,8
JPM,2018-11-12,0.27982044,4
JPM,2018-11-13,0.31356195,3
JPM,2018-11-14,-0.06214375,10
JPM,2018-11-15,-0.1664548,5
JPM,2018-11-16,-0.09868911,9
JPM,2018-11-19,-0.06965734,10
JPM,2018-11-20,-0.012332533,9
JPM,2018-11-21,-0.062199175,5
JPM,2018-11-23,-0.2520206,5
JPM,2018-11-26,-0.006643572,10
JPM,2018-11-27,0.375047,2
JPM,2018-11-28,0.19387089,6
JPM,2018-11-29,-0.0015029982,1
JPM,2018-11-30,0.06457692,6
JPM,2018-12-03,0.045066245,5
JPM,2018-12-04,-0.503435,8
JPM,2018-12-06,-0.117569834,19
JPM,2018-12-07,-0.09140062,7
JPM,2018-12-10,0.05638401,7
JPM,2018-12-11,-0.17106453,10
JPM,2018-12-12,-0.44473445,4
JPM,2018-12-13,0.22526991,4
JPM,2018-12-14,-0.15125328,4
JPM,2018-12-17,-0.004120431,9
JPM,2018-12-18,0.20549643,4
JPM,2018-12-19,-0.08706143,2
JPM,2018-12-20,0.16950981,7
JPM,2018-12-21,0.41892827,3
JPM,2018-12-24,-0.5176091,5
JPM,2018-12-26,0.24855089,3
JPM,2018-12-27,0.18977398,6
JPM,2018-12-28,-0.41360664,4
JPM,2018-12-31,0.07756694,5
JPM,2019-01-02,0.028762206,8
JPM,2019-01-03,-0.37333575,5
JPM,2019-01-04,0.032687794,4
JPM,2019-01-07,0.20802063,11
JPM,2019-01-08,0.047806665,9
JPM,2019-01-09,0.029284736,6
JPM,2019-01-10,0.12864241,8
JPM,2019-01-11,0.231379,8
JPM,2019-01-14,0.04869037,20
JPM,2019-01-15,-0.15695664,31
JPM,2019-01-16,0.020960713,20
JPM,2019-01-17,0.136017,11
JPM,2019-01-18,-0.2006434,12
JPM,2019-01-22,0.25537926,8
JPM,2019-01-23,0.27932733,5
JPM,2019-01-24,0.067971624,8
JPM,2019-01-25,0.23755264,3
JPM,2019-01-28,0.23745973,6
JPM,2019-01-29,0.34799927,5
JPM,2019-01-30,-0.0060333298,4
JPM,2019-01-31,0.22173111,2
JPM,2019-02-01,0.049877226,2
JPM,2019-02-04,-0.09440713,4
JPM,2019-02-05,0.28093782,3
JPM,2019-02-06,-0.004645407,1
JPM,2019-02-07,-0.2921902,2
JPM,2019-02-08,0.10215136,3
JPM,2019-02-11,0.237532,4
JPM,2019-02-12,0.21289885,2
JPM,2019-02-13,0.08108935,4
JPM,2019-02-14,0.29039863,3
JPM,2019-02-15,0.12874557,9
JPM,2019-02-19,0.11347808,14
JPM,2019-02-20,0.086524405,3
JPM,2019-02-21,-0.089399576,6
JPM,2019-02-22,0.0314274,9
JPM,2019-02-25,0.2334477,11
JPM,2019-02-26,-0.18111446,7
JPM,2019-02-27,0.62794405,3
JPM,2019-02-28,0.06768241,6
JPM,2019-03-01,0.18454878,10
JPM,2019-03-04,0.08089998,4
JPM,2019-03-05,-0.13634747,3
JPM,2019-03-06,0.010572078,9
JPM,2019-03-07,-0.10464553,5
JPM,2019-03-08,0.09333897,7
JPM,2019-03-11,0.037831835,2
JPM,2019-03-12,0.16205646,6
JPM,2019-03-13,0.07990224,6
JPM,2019-03-14,-0.14287405,8
JPM,2019-03-15,-0.09403707,4
JPM,2019-03-18,0.015027356,5
JPM,2019-03-19,-0.0630861,5
JPM,2019-03-20,-0.47305557,4
JPM,2019-03-21,-0.27469444,5
JPM,2019-03-22,-0.50495285,3
JPM,2019-03-25,0.013511149,10
JPM,2019-03-26,-0.067623146,6
JPM,2019-03-27,0.0017028997,3
JPM,2019-03-28,-0.21517007,5
JPM,2019-03-29,0.14724945,11
JPM,2019-04-01,0.03153991,9
JPM,2019-04-02,-0.030736184,4
JPM,2019-04-03,-0.10937973,7
JPM,2019-04-04,-0.0066990787,4
JPM,2019-04-05,0.16755052,10
JPM,2019-04-08,0.14921826,17
JPM,2019-04-09,0.026586998,13
JPM,2019-04-10,-0.2138215,5
JPM,2019-04-11,0.10744514,17
JPM,2019-04-12,0.37701777,35
JPM,2019-04-15,0.05005741,31
JPM,2019-04-16,0.03852211,12
JPM,2019-04-17,0.28363186,7
JPM,2019-04-18,-0.04214039,7
JPM,2019-04-22,-0.035430536,11
JPM,2019-04-23,0.30780467,3
JPM,2019-04-24,0.08410749,3
JPM,2019-04-25,0.26886144,3
JPM,2019-04-26,0.0021507381,5
JPM,2019-04-29,-0.002896279,6
JPM,2019-04-30,-0.019894987,4
JPM,2019-05-01,0.083975054,4
JPM,2019-05-02,0.05831967,1
JPM,2019-05-03,0.10594828,6
JPM,2019-05-06,0.005678115,10
JPM,2019-05-07,0.03898445,5
JPM,2019-05-08,0.038949687,3
JPM,2019-05-09,0.12011309,5
JPM,2019-05-10,-0.003951311,6
JPM,2019-05-13,-0.004506615,15
JPM,2019-05-14,0.15625294,6
JPM,2019-05-15,-0.082359985,8
JPM,2019-05-16,-0.25142103,9
JPM,2019-05-17,0.024562791,6
JPM,2019-05-20,0.067389235,8
JPM,2019-05-21,0.384861,4
JPM,2019-05-22,0.033556983,4
JPM,2019-05-23,0.025492683,2
JPM,2019-05-24,0.3552834,1
JPM,2019-05-28,-0.29921818,9
JPM,2019-05-29,0.27210483,5
JPM,2019-05-30,0.22417068,7
JPM,2019-05-31,0.02372413,3
JPM,2019-06-03,0.18157029,7
JPM,2019-06-04,0.32039392,2
JPM,2019-06-05,-0.02191632,6
JPM,2019-06-06,-0.029248158,6
JPM,2019-06-07,0.012834499,5
JPM,2019-06-10,0.051235385,4
JPM,2019-06-11,-0.20397823,5
JPM,2019-06-12,-0.10659783,6
JPM,2019-06-13,0.017778976,1
JPM,2019-06-14,0.11097332,3
JPM,2019-06-17,-0.16336465,7
JPM,2019-06-18,0.1695603,3
JPM,2019-06-19,0.018142518,3
JPM,2019-06-20,0.027788496,3
JPM,2019-06-21,-0.04831227,4
JPM,2019-06-24,0.12717964,6
JPM,2019-06-25,0.008513375,3
JPM,2019-06-26,0.15243852,7
JPM,2019-06-27,0.03759948,8
JPM,2019-06-28,0.25771603,15
JPM,2019-07-01,0.07708677,11
JPM,2019-07-02,-0.28603348,3
JPM,2019-07-03,0.05331395,5
JPM,2019-07-05,-0.016201807,5
JPM,2019-07-08,-0.30165508,13
JPM,2019-07-09,0.056332733,7
JPM,2019-07-10,-0.10892915,6
JPM,2019-07-11,-0.00090901926,2
JPM,2019-07-12,0.23371904,9
JPM,2019-07-15,0.09190944,27
JPM,2019-07-16,-0.053924616,26
JPM,2019-07-17,0.03255856,11
JPM,2019-07-18,-0.033856153,11
JPM,2019-07-19,0.034753844,11
JPM,2019-07-22,-0.030992687,5
JPM,2019-07-23,0.20484328,5
JPM,2019-07-24,-0.004295331,9
JPM,2019-07-25,0.0026180607,3
JPM,2019-07-26,0.22355275,5
JPM,2019-07-29,-0.088853054,9
JPM,2019-07-30,-0.035947125,7
JPM,2019-07-31,-0.017226243,3
JPM,2019-08-01,-0.1593087,6
JPM,2019-08-02,0.0013655592,8
JPM,2019-08-05,-0.23742042,6
JPM,2019-08-06,0.25324404,5
JPM,2019-08-07,-0.052766062,11
JPM,2019-08-08,0.05374066,2
JPM,2019-08-09,0.081323735,5
JPM,2019-08-12,-0.018294811,14
JPM,2019-08-13,0.27749097,3
JPM,2019-08-14,-0.43174133,6
JPM,2019-08-15,-0.19370705,5
JPM,2019-08-16,0.21123461,7
JPM,2019-08-19,0.28334403,9
JPM,2019-08-20,0.13168831,3
JPM,2019-08-21,-0.05299286,10
JPM,2019-08-22,-0.12837291,6
JPM,2019-08-23,-0.32549918,4
JPM,2019-08-26,-0.27963158,6
JPM,2019-08-27,-0.50711566,5
JPM,2019-08-28,-0.23935476,5
JPM,2019-08-29,-0.095731065,5
JPM,2019-08-30,0.6433853,1
JPM,2019-09-03,-0.10019544,9
JPM,2019-09-04,0.13143946,2
JPM,2019-09-05,-0.028664447,11
JPM,2019-09-09,-0.08194134,9
JPM,2019-09-10,-0.19363317,11
JPM,2019-09-11,-0.048843388,2
JPM,2019-09-12,0.26037335,5
JPM,2019-09-13,-0.035842773,11
JPM,2019-09-16,-0.14890978,10
JPM,2019-09-17,-0.18009786,8
JPM,2019-09-18,0.031033808,6
JPM,2019-09-19,-0.16792889,4
JPM,2019-09-20,-0.040199984,7
JPM,2019-09-23,-0.008867319,4
JPM,2019-09-24,0.3345359,5
JPM,2019-09-25,0.2791056,3
JPM,2019-09-26,0.044855047,5
JPM,2019-09-27,-0.15825705,5
JPM,2019-09-30,-0.011850524,6
JPM,2019-10-01,-0.31318998,6
JPM,2019-10-02,-0.57121426,4
JPM,2019-10-03,0.14195104,8
JPM,2019-10-04,0.07533236,8
JPM,2019-10-07,0.072295345,10
JPM,2019-10-08,0.012127778,4
JPM,2019-10-09,0.006539636,11
JPM,2019-10-10,0.04529303,8
JPM,2019-10-11,0.11625509,16
JPM,2019-10-14,0.19119897,22
JPM,2019-10-15,0.175882,42
JPM,2019-10-16,-0.014861787,17
JPM,2019-10-17,0.08532282,9
JPM,2019-10-18,0.010111193,9
JPM,2019-10-21,0.20244488,10
JPM,2019-10-22,-0.059396833,8
JPM,2019-10-23,0.47004724,4
JPM,2019-10-24,0.09955633,1
JPM,2019-10-25,0.20849054,4
JPM,2019-10-28,-0.0958342,7
JPM,2019-10-29,-0.123596914,6
JPM,2019-11-01,0.06712097,5
JPM,2019-11-04,0.14254627,8
JPM,2019-11-05,0.065019645,7
JPM,2019-11-06,0.12923127,4
JPM,2019-11-07,0.0385843,10
JPM,2019-11-08,0.0915788,5
JPM,2019-11-11,0.13499285,12
JPM,2019-11-12,0.018769898,4
JPM,2019-11-13,0.124338806,12
JPM,2019-11-14,0.16202407,12
JPM,2019-11-15,0.037149888,9
JPM,2019-11-18,-0.08563019,8
JPM,2019-11-19,0.15504332,4
JPM,2019-11-20,0.03355536,1
JPM,2019-11-21,0.05981891,2
JPM,2019-11-25,0.049551178,1
JPM,2019-11-26,-0.2657334,5
JPM,2019-11-27,-0.30003044,3
JPM,2019-11-29,-0.006892657,1
JPM,2019-12-02,-0.11677883,5
JPM,2019-12-03,-0.19554499,5
JPM,2019-12-04,0.03505651,2
JPM,2019-12-05,0.5165394,6
JPM,2019-12-06,0.026033044,5
JPM,2019-12-09,0.11897661,8
JPM,2019-12-10,-0.0009765404,8
JPM,2019-12-11,0.2837579,3
JPM,2019-12-12,0.18714178,6
JPM,2019-12-13,-0.013577949,4
JPM,2019-12-16,-0.13255845,3
JPM,2019-12-17,0.056179214,2
JPM,2019-12-19,0.046058934,2
JPM,2019-12-20,-0.017909326,1
JPM,2019-12-23,0.10646558,2
JPM,2019-12-26,-0.21947998,2
JPM,2019-12-27,0.4252035,2
JPM,2019-12-30,-0.09406252,2
JPM,2019-12-31,-0.060694847,1
JPM,2020-01-02,-0.03265004,4
JPM,2020-01-03,-0.049983926,4
JPM,2020-01-06,-0.0028647808,2
JPM,2020-01-07,-0.023038557,1
JPM,2020-01-08,0.0825276,3
JPM,2020-01-09,-0.0128876865,2
JPM,2020-01-10,0.11165111,8
JPM,2020-01-13,0.060493086,13
JPM,2020-01-14,0.030392818,16
JPM,2020-01-15,-0.042406492,13
JPM,2020-01-16,0.38542816,7
JPM,2020-01-17,0.30794835,6
JPM,2020-01-21,0.19091885,19
JPM,2020-01-22,-0.13084589,6
JPM,2020-01-23,0.48877096,6
JPM,2020-01-24,-0.16793756,5
JPM,2020-01-27,0.09764386,5
JPM,2020-01-28,-0.18391386,4
JPM,2020-01-29,0.02160123,6
JPM,2020-01-30,0.21573456,4
JPM,2020-01-31,0.07164641,2
JPM,2020-02-03,0.09765277,2
JPM,2020-02-04,0.18142727,7
JPM,2020-02-05,0.2568155,3
JPM,2020-02-06,-0.059181623,7
JPM,2020-02-07,0.27932823,3
JPM,2020-02-10,0.011033985,10
JPM,2020-02-11,0.057250734,7
JPM,2020-02-12,0.06900381,4
JPM,2020-02-13,0.08000461,3
JPM,2020-02-14,0.07640213,6
JPM,2020-02-18,0.043797474,14
JPM,2020-02-19,0.4393031,5
JPM,2020-02-20,-0.0049447417,4
JPM,2020-02-21,0.29270774,3
JPM,2020-02-24,0.052658305,9
JPM,2020-02-25,0.0352605,2
JPM,2020-02-26,0.31455743,4
JPM,2020-02-27,0.28957495,2
JPM,2020-02-28,-0.48765498,5
JPM,2020-03-02,-0.52209246,3
JPM,2020-03-03,-0.3463052,5
JPM,2020-03-04,0.21023099,3
JPM,2020-03-05,0.16045055,5
JPM,2020-03-06,-0.6205385,11
JPM,2020-03-09,-0.5445689,11
JPM,2020-03-10,-0.38790736,5
JPM,2020-03-11,-0.62955713,1
JPM,2020-03-12,-0.06869302,5
JPM,2020-03-13,-0.30369365,2
JPM,2020-03-16,-0.34989798,12
JPM,2020-03-17,-0.14373662,5
JPM,2020-03-18,-0.05388225,9
JPM,2020-03-19,-0.3923452,6
JPM,2020-03-20,-0.17001586,3
JPM,2020-03-23,-0.0028227766,9
JPM,2020-03-24,-0.49751988,2
JPM,2020-03-25,-0.89707553,1
JPM,2020-03-26,-0.16970046,5
JPM,2020-03-27,-0.4252124,7
JPM,2020-03-30,0.17219073,3
JPM,2020-03-31,-0.04776734,3
JPM,2020-04-01,-0.9343272,1
JPM,2020-04-03,0.16800113,4
JPM,2020-04-06,-0.034935467,4
JPM,2020-04-07,-0.03150256,1
JPM,2020-04-08,-0.20315485,6
JPM,2020-04-09,0.3185654,6
JPM,2020-04-13,0.004443163,27
JPM,2020-04-14,-0.059353795,21
JPM,2020-04-15,0.0879327,15
JPM,2020-04-16,-0.029051702,7
JPM,2020-04-17,0.029977428,9
JPM,2020-04-20,-0.10397943,15
JPM,2020-04-21,0.03510768,2
JPM,2020-04-22,0.1356652,8
JPM,2020-04-23,0.09182728,5
JPM,2020-04-24,0.081669666,6
JPM,2020-04-27,-0.117594466,5
JPM,2020-04-28,0.06364557,1
JPM,2020-04-29,-0.008436344,7
JPM,2020-04-30,-0.028248781,10
JPM,2020-05-01,0.20567718,4
JPM,2020-05-04,0.06371509,6
JPM,2020-05-05,0.065687016,10
JPM,2020-05-06,0.15146752,2
JPM,2020-05-07,-0.054676928,8
JPM,2020-05-08,0.08807927,12
JPM,2020-05-11,-0.06638888,14
JPM,2020-05-12,0.06647052,8
JPM,2020-05-13,-0.16102594,9
JPM,2020-05-14,0.073058695,8
JPM,2020-05-15,-0.029764725,9
JPM,2020-05-18,-0.24969962,9
JPM,2020-05-19,0.09948994,4
JPM,2020-05-21,0.12370113,1
JPM,2020-05-22,-0.33839056,6
JPM,2020-05-26,0.19419985,8
JPM,2020-05-27,0.09182478,3
JPM,2020-05-28,0.04780418,9
JPM,2020-05-29,-0.45912242,4
JPM,2020-06-01,-0.84462273,1
JPM,2020-06-02,0.007115662,1
JPM,2020-06-03,0.3798317,2
JPM,2020-06-04,-0.33751974,1
JPM,2020-06-05,0.91789764,1
JPM,2020-06-08,0.5798618,1
JPM,2020-06-09,-0.9541631,1
JPM,2020-06-11,-0.95529735,1
MSFT,2022-04-26,-0.21838121,25
MSFT,2022-04-27,0.15615948,37
MSFT,2022-04-28,0.18918614,19
MSFT,2022-04-29,0.08360321,16
MSFT,2022-05-02,0.04103782,26
MSFT,2022-05-03,0.034979243,10
MSFT,2022-05-04,0.37163973,8
MSFT,2022-05-05,-0.26059285,14
MSFT,2022-05-06,-0.06289629,14
MSFT,2022-05-09,-0.2041332,15
MSFT,2022-05-10,0.066612594,13
MSFT,2022-05-11,-0.103034854,11
MSFT,2022-05-12,-0.22008777,17
MSFT,2022-05-13,-0.022470241,12
MSFT,2022-05-16,-0.012869965,18
MSFT,2022-05-17,0.35877275,20
MSFT,2022-05-18,-0.3660581,18
MSFT,2022-05-19,-0.09013439,12
MSFT,2022-05-20,0.17557788,11
MSFT,2022-05-23,0.17265381,19
MSFT,2022-05-24,0.11638671,12
MSFT,2022-05-25,0.21829143,11
MSFT,2022-05-26,0.114284836,12
MSFT,2022-05-27,0.10866685,9
MSFT,2022-05-31,0.07076558,20
MSFT,2022-06-01,-0.197019,12
MSFT,2022-06-02,-0.20484217,27
MSFT,2022-06-03,0.022170069,7
MSFT,2022-06-06,0.14205995,11
MSFT,2022-06-07,0.13860695,7
MSFT,2022-06-08,-0.1964673,16
MSFT,2022-06-09,0.102024235,14
MSFT,2022-06-10,-0.13780332,12
MSFT,2022-06-13,-0.10302385,23
MSFT,2022-06-14,0.12700766,13
MSFT,2022-06-15,0.2889142,19
MSFT,2022-06-16,-0.27691048,19
MSFT,2022-06-17,-0.06930812,10
MSFT,2022-06-21,0.23790346,22
MSFT,2022-06-22,0.10514562,16
MSFT,2022-06-23,0.08293008,14
MSFT,2022-06-24,0.01616315,14
MSFT,2022-06-27,-0.29217523,20
MSFT,2022-06-28,-0.17757933,13
MSFT,2022-06-29,0.059245024,15
MSFT,2022-06-30,-0.21830754,17
MSFT,2022-07-01,0.14060257,10
MSFT,2022-07-05,-0.028717216,29
MSFT,2022-07-06,-0.018893527,10
MSFT,2022-07-07,0.14097407,11
MSFT,2022-07-08,-0.14369306,9
MSFT,2022-07-11,0.05016795,13
MSFT,2022-07-12,-0.2829629,10
MSFT,2022-07-13,0.088757485,10
MSFT,2022-07-14,-0.0073166746,13
MSFT,2022-07-15,0.21083373,18
MSFT,2022-07-18,0.027230863,19
MSFT,2022-07-19,0.22618353,21
MSFT,2022-07-20,0.22548449,19
MSFT,2022-07-21,0.05280019,11
MSFT,2022-07-22,-0.28714025,22
MSFT,2022-07-25,-0.03730537,45
MSFT,2022-07-26,-0.2523609,30
MSFT,2022-07-27,0.23547794,41
MSFT,2022-07-28,-0.075081654,12
MSFT,2022-07-29,0.191865,8
MSFT,2022-08-01,0.083424315,18
MSFT,2022-08-02,-0.07739258,11
MSFT,2022-08-03,0.16097696,9
MSFT,2022-08-04,0.26110116,6
MSFT,2022-08-05,0.12042192,5
MSFT,2022-08-08,0.0360314,13
MSFT,2022-08-09,-0.0047112764,5
MSFT,2022-08-10,0.017976895,11
MSFT,2022-08-11,-0.096424274,12
MSFT,2022-08-12,0.0025734827,8
MSFT,2022-08-15,0.12456651,17
MSFT,2022-08-16,0.20678167,16
MSFT,2022-08-17,0.18529324,12
MSFT,2022-08-18,0.117504954,11
MSFT,2022-08-19,-0.31112337,8
MSFT,2022-08-22,-0.21663526,16
MSFT,2022-08-23,0.27687973,10
MSFT,2022-08-24,-0.18200934,10
MSFT,2022-08-25,-0.010616833,11
MSFT,2022-08-26,-0.22633421,8
MSFT,2022-08-29,-0.3583157,17
MSFT,2022-08-30,-0.1694423,12
MSFT,2022-08-31,0.12533085,6
MSFT,2022-09-01,-0.19470192,14
MSFT,2022-09-02,0.13504626,13
MSFT,2022-09-06,-0.049558353,27
MSFT,2022-09-07,-0.17730743,12
MSFT,2022-09-08,0.061153967,10
MSFT,2022-09-09,0.29516867,3
MSFT,2022-09-12,0.18528523,18
MSFT,2022-09-13,-0.4033054,15
MSFT,2022-09-14,0.20330578,17
MSFT,2022-09-15,-0.036098834,24
MSFT,2022-09-16,0.11701414,16
MSFT,2022-09-19,-0.3067891,10
MSFT,2022-09-20,0.037738185,18
MSFT,2022-09-21,0.19236797,19
MSFT,2022-09-22,0.08855175,22
MSFT,2022-09-23,-0.31644583,14
MSFT,2022-09-26,0.01128864,21
MSFT,2022-09-27,0.03546702,15
MSFT,2022-09-28,-0.13934934,16
MSFT,2022-09-29,-0.1874279,14
MSFT,2022-09-30,-0.038515355,14
MSFT,2022-10-03,0.37755498,24
MSFT,2022-10-04,0.2499576,14
MSFT,2022-10-05,-0.05213144,12
MSFT,2022-10-06,0.03981008,6
MSFT,2022-10-07,0.07436452,19
MSFT,2022-10-10,-0.35525915,16
MSFT,2022-10-11,-0.1116947,12
MSFT,2022-10-12,0.14323269,13
MSFT,2022-10-13,0.012667296,13
MSFT,2022-10-14,0.1363197,7
MSFT,2022-10-17,0.21371357,10
MSFT,2022-10-18,0.24759299,18
MSFT,2022-10-19,0.032747824,14
MSFT,2022-10-20,0.056710627,9
MSFT,2022-10-21,0.26972523,16
MSFT,2022-10-24,0.025936807,22
MSFT,2022-10-25,0.0338289,32
MSFT,2022-10-26,-0.22458062,39
MSFT,2022-10-27,-0.3663744,22
MSFT,2022-10-28,-0.22775282,18
MSFT,2022-10-31,-0.060948934,22
MSFT,2022-11-01,-0.13150284,14
MSFT,2022-11-02,-0.023155129,12
MSFT,2022-11-03,-0.1945619,17
MSFT,2022-11-04,0.08043382,8
MSFT,2022-11-07,-0.039378062,18
MSFT,2022-11-08,-0.35563788,13
MSFT,2022-11-09,-0.20810738,11
MSFT,2022-11-10,0.11854812,18
MSFT,2022-11-11,0.11933449,11
MSFT,2022-11-14,-0.07111408,19
MSFT,2022-11-15,0.18841511,9
MSFT,2022-11-16,0.06816531,16
MSFT,2022-11-17,-0.14049764,9
MSFT,2022-11-18,0.23247702,8
MSFT,2022-11-21,0.13160498,12
MSFT,2022-11-22,0.11584375,6
MSFT,2022-11-23,0.03729822,12
MSFT,2022-11-25,-0.07470631,19
MSFT,2022-11-28,-0.3397264,17
MSFT,2022-11-29,-0.00087047287,9
MSFT,2022-11-30,-0.20270395,15
MSFT,2022-12-01,-0.06395333,20
MSFT,2022-12-02,0.067621015,9
MSFT,2022-12-05,0.072029926,20
MSFT,2022-12-06,0.12356596,11
MSFT,2022-12-07,0.10317536,17
MSFT,2022-12-08,-0.06574927,17
MSFT,2022-12-09,0.08251932,9
MSFT,2022-12-12,0.05034241,29
MSFT,2022-12-13,0.10152392,13
MSFT,2022-12-14,0.09911594,11
MSFT,2022-12-15,-0.077695295,20
MSFT,2022-12-16,0.10953039,4
MSFT,2022-12-19,0.09098442,21
MSFT,2022-12-20,-0.07341641,16
MSFT,2022-12-21,0.11839947,8
MSFT,2022-12-22,-0.1611296,11
MSFT,2022-12-23,0.056661036,8
MSFT,2022-12-27,-0.102181934,20
MSFT,2022-12-28,0.26276243,11
MSFT,2022-12-29,0.26461345,12
MSFT,2022-12-30,-0.12105118,14
MSFT,2023-01-03,0.21525313,32
MSFT,2023-01-04,-0.06039079,23
MSFT,2023-01-05,0.006461289,16
MSFT,2023-01-06,0.096810654,14
MSFT,2023-01-09,0.15804325,14
MSFT,2023-01-10,0.05955691,16
MSFT,2023-01-11,-0.03797229,16
MSFT,2023-01-12,-0.047919612,12
MSFT,2023-01-13,0.14804323,6
MSFT,2023-01-17,-0.11632512,34
MSFT,2023-01-18,-0.24240662,22
MSFT,2023-01-19,-0.28637043,19
MSFT,2023-01-20,-0.071547605,26
MSFT,2023-01-23,0.2388072,42
MSFT,2023-01-24,-0.09577398,39
MSFT,2023-01-25,-0.3132972,47
MSFT,2023-01-26,0.08748445,24
MSFT,2023-01-27,0.09106963,15
MSFT,2023-01-30,0.083168246,24
MSFT,2023-01-31,-0.005446172,19
MSFT,2023-02-01,0.013230599,17
MSFT,2023-02-02,-0.115121,14
MSFT,2023-02-03,0.05578696,21
MSFT,2023-02-06,0.114441834,26
MSFT,2023-02-07,0.09801849,30
MSFT,2023-02-08,-0.07113935,40
MSFT,2023-02-09,0.010099394,18
MSFT,2023-02-10,-0.20500804,22
MSFT,2023-02-13,0.11159916,39
MSFT,2023-02-14,0.07756261,19
MSFT,2023-02-15,0.042897012,10
MSFT,2023-02-16,-0.017094145,12
MSFT,2023-02-17,0.036385655,13
MSFT,2023-02-21,-0.07773474,44
MSFT,2023-02-22,0.113429986,18
MSFT,2023-02-23,0.15813714,22
MSFT,2023-02-24,0.04554665,3
MSFT,2023-02-27,0.10373382,27
MSFT,2023-02-28,0.23084694,9
MSFT,2023-03-01,-0.020232847,16
MSFT,2023-03-02,0.25027016,18
MSFT,2023-03-03,0.13137741,12
MSFT,2023-03-06,0.003959042,27
MSFT,2023-03-07,0.12247382,16
MSFT,2023-03-08,0.19754872,9
MSFT,2023-03-09,0.12455766,22
MSFT,2023-03-10,0.08485275,8
MSFT,2023-03-13,-0.06769813,20
MSFT,2023-03-14,0.045002352,23
MSFT,2023-03-15,0.14407897,16
MSFT,2023-03-16,0.2030037,16
MSFT,2023-03-17,0.023652693,19
MSFT,2023-03-20,0.006355294,28
MSFT,2023-03-21,0.032883983,21
MSFT,2023-03-22,0.11259985,17
MSFT,2023-03-23,0.10097209,17
MSFT,2023-03-24,0.0734082,22
MSFT,2023-03-27,0.054130107,25
MSFT,2023-03-28,-0.08555112,24
MSFT,2023-03-29,0.11994799,23
MSFT,2023-03-30,-0.03093487,24
MSFT,2023-03-31,-0.12592374,14
MSFT,2023-04-03,-0.11320044,29
MSFT,2023-04-04,0.08476342,21
MSFT,2023-04-05,-0.04118828,24
MSFT,2023-04-06,0.053280544,28
MSFT,2023-04-10,-0.048814673,35
MSFT,2023-04-11,0.038720284,22
MSFT,2023-04-12,0.20299834,21
MSFT,2023-04-13,0.16602275,20
MSFT,2023-04-14,0.1440898,16
MSFT,2023-04-17,-0.04349385,41
MSFT,2023-04-18,0.19634299,18
MSFT,2023-04-19,0.054458953,16
MSFT,2023-04-20,-0.1027771,20
MSFT,2023-04-21,-0.14759482,19
MSFT,2023-04-24,-0.11103993,56
MSFT,2023-04-25,-0.012250335,51
MSFT,2023-04-26,-0.0451238,75
MSFT,2023-04-27,0.25162974,29
MSFT,2023-04-28,-0.019523054,33
MSFT,2023-05-01,0.0061970237,39
MSFT,2023-05-02,-0.026694637,20
MSFT,2023-05-03,0.08898083,21
MSFT,2023-05-04,0.010928973,34
MSFT,2023-05-05,0.29723987,15
MSFT,2023-05-08,-0.039298236,19
MSFT,2023-05-09,-0.13133968,19
MSFT,2023-05-10,0.08397444,29
MSFT,2023-05-11,-0.10607664,30
MSFT,2023-05-12,0.20846239,14
MSFT,2023-05-15,0.16855194,29
MSFT,2023-05-16,0.035247777,26
MSFT,2023-05-17,0.16542435,19
MSFT,2023-05-18,0.055199247,17
MSFT,2023-05-19,-0.063806355,21
MSFT,2023-05-22,0.056977805,26
MSFT,2023-05-23,0.03347573,22
MSFT,2023-05-24,-0.07820551,28
MSFT,2023-05-25,0.08512175,45
MSFT,2023-05-26,0.17316172,20
MSFT,2023-05-30,0.190148,51
MSFT,2023-05-31,0.13703257,26
MSFT,2023-06-01,0.036666904,24
MSFT,2023-06-02,0.10014239,21
MSFT,2023-06-05,-0.043668848,31
MSFT,2023-06-06,-0.1374044,18
MSFT,2023-06-07,0.11685692,15
MSFT,2023-06-08,-0.06593387,18
MSFT,2023-06-09,0.191839,23
MSFT,2023-06-12,0.16747044,24
MSFT,2023-06-13,0.027919794,19
MSFT,2023-06-14,0.08511633,17
MSFT,2023-06-15,0.10089701,29
MSFT,2023-06-16,0.16884206,22
MSFT,2023-06-20,0.11571602,37
MSFT,2023-06-21,0.028915022,26
MSFT,2023-06-22,0.1454063,22
MSFT,2023-06-23,-0.05420838,19
MSFT,2023-06-26,0.06791352,26
MSFT,2023-06-27,0.24922894,25
MSFT,2023-06-28,0.11342706,25
MSFT,2023-06-29,0.14948027,27
MSFT,2023-06-30,0.3072051,18
MSFT,2023-07-03,0.1297261,23
MSFT,2023-07-05,-0.071263365,26
MSFT,2023-07-06,0.19942869,19
MSFT,2023-07-07,0.17758125,22
MSFT,2023-07-10,-0.026352355,19
MSFT,2023-07-11,0.11968536,32
MSFT,2023-07-12,-0.01637468,39
MSFT,2023-07-13,-0.049532127,29
MSFT,2023-07-14,0.014085963,39
MSFT,2023-07-17,0.067369856,43
MSFT,2023-07-18,0.1258721,36
MSFT,2023-07-19,0.08676657,50
MSFT,2023-07-20,-0.106527396,31
MSFT,2023-07-21,0.000895938,26
MSFT,2023-07-24,0.13340709,57
MSFT,2023-07-25,0.19026019,50
MSFT,2023-07-26,-0.16850474,54
MSFT,2023-07-27,0.052623488,26
MSFT,2023-07-28,0.12813352,18
MSFT,2023-07-31,0.10852322,33
MSFT,2023-08-01,-0.0035690635,19
MSFT,2023-08-02,-0.12953766,16
MSFT,2023-08-03,-0.0016056895,24
MSFT,2023-08-04,0.13911839,24
MSFT,2023-08-07,0.09714646,22
MSFT,2023-08-08,0.16045217,17
MSFT,2023-08-09,0.05741568,17
MSFT,2023-08-10,-0.050319303,23
MSFT,2023-08-11,-0.08766257,25
MSFT,2023-08-14,0.29623136,16
MSFT,2023-08-15,0.20655204,16
MSFT,2023-08-16,0.11092652,17
MSFT,2023-08-17,0.015302129,16
MSFT,2023-08-18,-0.073258065,16
MSFT,2023-08-21,0.2582581,17
MSFT,2023-08-22,0.16401015,32
MSFT,2023-08-23,0.26407915,28
MSFT,2023-08-24,-0.043490473,26
MSFT,2023-08-25,0.1981797,15
MSFT,2023-08-28,0.10246539,22
MSFT,2023-08-29,0.11483903,21
MSFT,2023-08-30,-0.034132067,15
MSFT,2023-08-31,0.09168128,21
MSFT,2023-09-01,0.21465576,12
MSFT,2023-09-05,0.17242244,26
MSFT,2023-09-06,-0.0770771,18
MSFT,2023-09-07,-0.0920641,16
MSFT,2023-09-08,-0.062038302,25
MSFT,2023-09-11,0.1581732,29
MSFT,2023-09-12,-0.14791265,32
MSFT,2023-09-13,0.13548689,29
MSFT,2023-09-14,0.03277257,19
MSFT,2023-09-15,-0.11213391,15
MSFT,2023-09-18,0.031201435,26
MSFT,2023-09-19,0.042155035,15
MSFT,2023-09-20,-0.16698685,14
MSFT,2023-09-21,0.2395629,17
MSFT,2023-09-22,-0.004364455,27
MSFT,2023-09-25,-0.0459209,36
MSFT,2023-09-26,-0.29176578,28
MSFT,2023-09-27,-0.0036417595,23
MSFT,2023-09-28,0.035960272,24
MSFT,2023-09-29,0.098341614,21
MSFT,2023-10-02,0.048782833,33
MSFT,2023-10-03,-0.1739771,25
MSFT,2023-10-04,-0.08197622,23
MSFT,2023-10-05,-0.103698604,22
MSFT,2023-10-06,0.03475015,15
MSFT,2023-10-09,-0.15428975,23
MSFT,2023-10-10,0.09635432,15
MSFT,2023-10-11,0.062346146,26
MSFT,2023-10-12,0.15549904,18
MSFT,2023-10-13,0.11496893,18
MSFT,2023-10-16,0.12902139,35
MSFT,2023-10-17,-0.0049857013,25
MSFT,2023-10-18,0.08278302,21
MSFT,2023-10-19,0.004753956,20
MSFT,2023-10-20,0.13068901,16
MSFT,2023-10-23,-0.10238468,60
MSFT,2023-10-24,0.045949377,44
MSFT,2023-10-25,-0.18573725,53
MSFT,2023-10-26,-0.18984082,29
MSFT,2023-10-27,0.078911066,31
MSFT,2023-10-30,0.13332275,41
MSFT,2023-10-31,-0.04011903,20
MSFT,2023-11-01,0.044433106,18
MSFT,2023-11-02,0.2528428,29
MSFT,2023-11-03,0.042976808,16
MSFT,2023-11-06,0.18276668,26
MSFT,2023-11-07,0.21893163,12
MSFT,2023-11-08,0.1767062,16
MSFT,2023-11-09,0.04786198,22
MSFT,2023-11-10,0.3091365,18
MSFT,2023-11-13,0.07290748,30
MSFT,2023-11-14,0.0063158353,19
MSFT,2023-11-15,0.16606651,22
MSFT,2023-11-16,0.05481196,23
MSFT,2023-11-17,-0.11437082,18
MSFT,2023-11-20,0.095194094,47
MSFT,2023-11-21,0.07233481,37
MSFT,2023-11-22,0.038980942,37
MSFT,2023-11-24,0.17380245,28
MSFT,2023-11-27,0.167856,28
MSFT,2023-11-28,0.11898403,17
MSFT,2023-11-29,-0.006520954,25
MSFT,2023-11-30,0.2244106,25
MSFT,2023-12-01,0.14345206,13
MSFT,2023-12-04,0.146155,35
MSFT,2023-12-05,0.07250554,22
MSFT,2023-12-06,0.0749321,17
MSFT,2023-12-07,0.16128503,21
MSFT,2023-12-08,0.017396055,20
MSFT,2023-12-11,0.08929839,46
MSFT,2023-12-12,0.16457856,29
MSFT,2023-12-13,0.2333007,23
MSFT,2023-12-14,0.15177754,16
MSFT,2023-12-15,0.47895497,2
MSFT,2023-12-18,0.20631246,29
XOM,2018-06-27,0.6971512,2
XOM,2018-06-29,0.17184976,1
XOM,2018-07-02,0.0869869,1
XOM,2018-07-09,0.15899463,3
XOM,2018-07-10,0.017315375,2
XOM,2018-07-11,0.88166636,1
XOM,2018-07-16,0.03689294,1
XOM,2018-07-17,-0.42876497,1
XOM,2018-07-19,-0.2582484,1
XOM,2018-07-20,0.0024271607,1
XOM,2018-07-23,0.068277694,3
XOM,2018-07-24,-0.037310272,2
XOM,2018-07-26,0.27355704,4
XOM,2018-07-27,0.27386644,5
XOM,2018-08-03,-0.93024796,1
XOM,2018-08-07,-0.46043018,2
XOM,2018-08-09,0.037512865,2
XOM,2018-08-10,-0.030526599,1
XOM,2018-08-20,0.0037548617,1
XOM,2018-08-24,-0.93695533,1
XOM,2018-08-30,0.45595035,4
XOM,2018-09-04,-0.94660574,1
XOM,2018-09-06,0.8658941,1
XOM,2018-09-07,0.29579714,1
XOM,2018-09-11,-0.17607787,2
XOM,2018-09-20,0.013087176,1
XOM,2018-09-26,0.7304889,1
XOM,2018-09-28,0.8843691,1
XOM,2018-10-02,0.09793519,1
XOM,2018-10-04,0.65822375,1
XOM,2018-10-05,-0.003093983,2
XOM,2018-10-09,0.2840662,2
XOM,2018-10-12,-0.95898026,1
XOM,2018-10-19,0.6143358,1
XOM,2018-10-23,0.053509414,2
XOM,2018-10-24,-0.89742446,2
XOM,2018-10-29,-0.2749293,3
XOM,2018-10-30,-0.021337565,1
XOM,2018-10-31,-0.18989077,2
XOM,2018-11-01,-0.9185415,1
XOM,2018-11-02,0.2561077,5
XOM,2018-11-05,0.38412765,2
XOM,2018-11-06,-0.25925484,3
XOM,2018-11-08,-0.23287237,2
XOM,2018-11-09,-0.037695512,1
XOM,2018-11-19,0.27777436,3
XOM,2018-11-20,-0.8199265,2
XOM,2018-11-26,0.87552094,1
XOM,2018-11-30,-0.2613809,2
XOM,2018-12-03,0.8772338,1
XOM,2018-12-04,0.0366576,1
XOM,2018-12-07,0.097189136,1
XOM,2018-12-11,-0.95476216,1
XOM,2018-12-17,0.006342372,1
XOM,2018-12-18,0.2622403,1
XOM,2018-12-19,0.4208094,2
XOM,2018-12-20,-0.19992948,1
XOM,2018-12-26,0.092550516,1
XOM,2018-12-27,0.019393442,1
XOM,2018-12-28,-0.53900677,2
XOM,2019-01-04,-0.016601823,1
XOM,2019-01-07,0.0018195491,1
XOM,2019-01-16,0.024355521,2
XOM,2019-01-23,0.6550806,1
XOM,2019-01-29,0.23560788,1
XOM,2019-01-30,0.25354084,2
XOM,2019-01-31,0.29869446,3
XOM,2019-02-01,0.046727918,13
XOM,2019-02-04,0.037766784,5
XOM,2019-02-06,0.8062971,1
XOM,2019-02-07,-0.7422717,1
XOM,2019-02-08,-0.93851674,1
XOM,2019-02-11,0.06541234,1
XOM,2019-02-14,0.101504445,2
XOM,2019-02-22,0.78524256,1
XOM,2019-02-25,0.09440372,1
XOM,2019-02-26,0.05845281,1
XOM,2019-02-27,0.11635953,1
XOM,2019-03-01,0.92661804,1
XOM,2019-03-04,0.12225934,1
XOM,2019-03-05,0.9190192,1
XOM,2019-03-06,0.72352916,3
XOM,2019-03-07,0.7054192,2
XOM,2019-03-08,-0.7646759,3
XOM,2019-03-11,-0.8591834,1
XOM,2019-03-13,0.37013215,1
XOM,2019-03-18,-0.86597925,1
XOM,2019-03-20,-0.0027382486,1
XOM,2019-03-21,0.089256525,1
XOM,2019-03-26,0.055825554,1
XOM,2019-04-01,0.19168949,4
XOM,2019-04-02,0.58940905,2
XOM,2019-04-03,0.14650059,2
XOM,2019-04-04,0.83732855,1
XOM,2019-04-05,0.8469577,2
XOM,2019-04-08,-0.237626,2
XOM,2019-04-09,0.0127610415,1
XOM,2019-04-12,0.071637265,2
XOM,2019-04-15,0.53833634,2
XOM,2019-04-16,0.91018575,1
XOM,2019-04-17,-0.96547705,1
XOM,2019-04-18,0.14568803,1
XOM,2019-04-22,0.8313894,3
XOM,2019-04-24,0.33303988,5
XOM,2019-04-26,-0.13492087,7
XOM,2019-04-30,-0.53407025,1
XOM,2019-05-02,0.21168031,2
XOM,2019-05-03,0.5111061,2
XOM,2019-05-07,0.29788664,4
XOM,2019-05-08,0.77775997,1
XOM,2019-05-09,-0.9621787,1
XOM,2019-05-13,-0.35480404,2
XOM,2019-05-14,0.9030477,1
XOM,2019-05-16,0.2361784,1
XOM,2019-05-22,-0.46944773,2
XOM,2019-05-23,-0.9633013,1
XOM,2019-05-28,0.37636128,2
XOM,2019-05-29,0.51263094,5
XOM,2019-05-30,-0.9632277,1
XOM,2019-06-03,0.7678909,1
XOM,2019-06-05,-0.9605089,1
XOM,2019-06-07,-0.084160596,1
XOM,2019-06-11,0.039332718,1
XOM,2019-06-12,0.32645652,3
XOM,2019-06-13,0.1026676,2
XOM,2019-06-19,0.04643972,1
XOM,2019-06-21,-0.7519903,1
XOM,2019-06-26,0.88170564,1
XOM,2019-06-27,-0.073099434,2
XOM,2019-07-01,0.12980807,1
XOM,2019-07-02,-0.45318648,2
XOM,2019-07-09,0.90731686,1
XOM,2019-07-10,-0.84922147,2
XOM,2019-07-11,-0.8602242,1
XOM,2019-07-12,0.27318418,1
XOM,2019-07-16,0.03282755,1
XOM,2019-07-18,-0.070581794,4
XOM,2019-07-24,0.22388628,1
XOM,2019-07-25,-0.96378064,1
XOM,2019-07-29,0.11788379,2
XOM,2019-07-30,0.40752974,1
XOM,2019-07-31,-0.4425769,5
XOM,2019-08-01,-0.39544907,3
XOM,2019-08-02,-0.08329172,10
XOM,2019-08-05,-0.8376889,2
XOM,2019-08-06,0.11504646,1
XOM,2019-08-07,-0.9643695,1
XOM,2019-08-08,0.15781122,2
XOM,2019-08-12,-0.940533,1
XOM,2019-08-14,-0.96288604,1
XOM,2019-08-15,0.029861912,1
XOM,2019-08-16,0.102203906,2
XOM,2019-08-19,0.45570752,2
XOM,2019-08-21,0.08489795,5
XOM,2019-08-22,0.74844134,1
XOM,2019-08-23,0.13264562,1
XOM,2019-08-26,-0.20525585,7
XOM,2019-08-27,-0.22305988,4
XOM,2019-08-28,0.20435648,3
XOM,2019-08-29,0.4387717,4
XOM,2019-08-30,0.010146192,2
XOM,2019-09-03,0.14870284,7
XOM,2019-09-04,0.34011427,2
XOM,2019-09-05,0.34286642,4
XOM,2019-09-06,0.27303872,5
XOM,2019-09-09,0.06476212,7
XOM,2019-09-10,0.05514623,5
XOM,2019-09-11,0.020001851,2
XOM,2019-09-12,-0.18694498,4
XOM,2019-09-13,0.019531963,2
XOM,2019-09-16,-0.061242383,12
XOM,2019-09-17,-0.45197362,4
XOM,2019-09-18,0.40901655,2
XOM,2019-09-19,-0.117194116,5
XOM,2019-09-20,-0.12482864,5
XOM,2019-09-23,0.03799205,6
XOM,2019-09-24,0.020917995,3
XOM,2019-09-26,0.093376115,5
XOM,2019-09-27,0.017495764,1
XOM,2019-10-01,-0.47602728,2
XOM,2019-10-02,-0.32909423,7
XOM,2019-10-03,0.3131245,3
XOM,2019-10-04,-0.1289778,4
XOM,2019-10-07,-0.24110405,6
XOM,2019-10-08,0.045462105,7
XOM,2019-10-09,0.21798097,3
XOM,2019-10-10,0.47648937,1
XOM,2019-10-11,0.25420776,4
XOM,2019-10-14,0.38524365,2
XOM,2019-10-16,-0.20216243,4
XOM,2019-10-17,-0.39886695,1
XOM,2019-10-18,0.42639032,2
XOM,2019-10-21,0.017744191,1
XOM,2019-10-22,-0.06034303,3
XOM,2019-10-23,0.029414022,3
XOM,2019-10-24,-0.3278949,6
XOM,2019-10-25,0.0027709417,3
XOM,2019-10-28,0.04180197,7
XOM,2019-10-29,0.01094806,1
XOM,2019-10-30,-0.23814365,2
XOM,2019-10-31,-0.19420195,4
XOM,2019-11-01,0.08414603,19
XOM,2019-11-04,0.48555756,6
XOM,2019-11-05,0.3885491,5
XOM,2019-11-06,0.18830438,5
XOM,2019-11-07,0.29553035,3
XOM,2019-11-08,-0.2272875,4
XOM,2019-11-11,-0.047005177,4
XOM,2019-11-12,-0.4655911,3
XOM,2019-11-13,-0.20367299,4
XOM,2019-11-14,0.010153612,1
XOM,2019-11-15,0.01335785,2
XOM,2019-11-18,-0.15027611,3
XOM,2019-11-19,-0.24314111,6
XOM,2019-11-20,-0.13253033,5
XOM,2019-11-21,0.16139106,10
XOM,2019-11-22,0.031868696,2
XOM,2019-11-25,0.019380739,4
XOM,2019-11-26,0.07626741,2
XOM,2019-11-29,0.0043943375,2
XOM,2019-12-02,0.17039813,5
XOM,2019-12-03,-0.39808163,4
XOM,2019-12-04,0.07892223,4
XOM,2019-12-05,0.06284645,3
XOM,2019-12-06,0.17391881,7
XOM,2019-12-09,0.030311648,8
XOM,2019-12-10,-0.08286036,7
XOM,2019-12-11,0.10491178,5
XOM,2019-12-12,0.2723025,5
XOM,2019-12-13,-0.04471997,5
XOM,2019-12-16,0.36249655,4
XOM,2019-12-17,0.012587082,2
XOM,2019-12-18,-0.0204412,4
XOM,2019-12-19,0.06957157,1
XOM,2019-12-20,0.03320665,2
XOM,2019-12-23,0.03638769,8
XOM,2019-12-24,0.01620641,1
XOM,2019-12-26,0.058774903,3
XOM,2019-12-27,0.31357768,3
XOM,2019-12-30,-0.017900318,5
XOM,2019-12-31,0.65211725,1
XOM,2020-01-02,0.07262092,8
XOM,2020-01-03,0.14813909,11
XOM,2020-01-06,-0.10044038,8
XOM,2020-01-07,0.20701797,3
XOM,2020-01-08,0.016017586,2
XOM,2020-01-09,0.29250756,5
XOM,2020-01-10,-0.1460469,5
XOM,2020-01-13,0.43911582,5
XOM,2020-01-14,0.010350955,6
XOM,2020-01-15,0.2832724,2
XOM,2020-01-16,0.24717474,5
XOM,2020-01-17,0.03577611,6
XOM,2020-01-21,0.10652693,5
XOM,2020-01-22,0.015355046,3
XOM,2020-01-23,-0.07154064,5
XOM,2020-01-24,0.45270175,4
XOM,2020-01-27,-0.23240723,8
XOM,2020-01-28,0.32275063,3
XOM,2020-01-29,0.026925758,6
XOM,2020-01-30,0.27200088,7
XOM,2020-01-31,-0.4842793,18
XOM,2020-02-03,-0.45548087,13
XOM,2020-02-04,0.39317024,2
XOM,2020-02-05,0.059247494,7
XOM,2020-02-06,-0.028504323,5
XOM,2020-02-07,0.012300811,2
XOM,2020-02-10,0.02033313,3
XOM,2020-02-11,-0.02377665,7
XOM,2020-02-12,-0.2787355,8
XOM,2020-02-13,0.07069251,8
XOM,2020-02-14,0.0044468874,4
XOM,2020-02-18,0.048482843,4
XOM,2020-02-19,0.3547838,4
XOM,2020-02-20,0.02179081,2
XOM,2020-02-21,-0.46356297,4
XOM,2020-02-24,0.0985058,7
XOM,2020-02-25,-0.45566547,4
XOM,2020-02-26,0.3151111,5
XOM,2020-02-27,-0.59498924,6
XOM,2020-02-28,-0.09573976,8
XOM,2020-03-02,0.15576908,6
XOM,2020-03-03,-0.23903595,9
XOM,2020-03-04,0.09130665,6
XOM,2020-03-05,-0.16639745,8
XOM,2020-03-06,-0.22536835,14
XOM,2020-03-09,-0.3316589,13
XOM,2020-03-10,-0.012082006,10
XOM,2020-03-11,-0.26024595,7
XOM,2020-03-12,-0.4637183,4
XOM,2020-03-13,-0.026249513,7
XOM,2020-03-16,-0.35432833,15
XOM,2020-03-17,-0.23265846,5
XOM,2020-03-18,-0.31091243,9
XOM,2020-03-19,-0.37364405,2
XOM,2020-03-20,0.09004586,6
XOM,2020-03-23,-0.16867252,9
XOM,2020-03-24,-0.3079693,6
XOM,2020-03-25,0.23413569,4
XOM,2020-03-26,-0.2445188,4
XOM,2020-03-27,-0.19562967,7
XOM,2020-03-30,-0.004728186,5
XOM,2020-03-31,-0.2958627,4
XOM,2020-04-01,0.041124742,6
XOM,2020-04-02,0.12204942,13
XOM,2020-04-03,-0.18827464,14
XOM,2020-04-06,-0.22997674,7
XOM,2020-04-07,-0.24077344,28
XOM,2020-04-08,0.046895258,14
XOM,2020-04-09,-0.13673349,21
XOM,2020-04-13,-0.1496072,15
XOM,2020-04-14,-0.0681502,6
XOM,2020-04-15,-0.12825519,12
XOM,2020-04-16,-0.10317855,7
XOM,2020-04-17,-0.2503962,5
XOM,2020-04-20,-0.27854562,23
XOM,2020-04-21,-0.348547,10
XOM,2020-04-22,0.24118115,15
XOM,2020-04-23,0.24108468,9
XOM,2020-04-24,-0.07787472,8
XOM,2020-04-27,-0.42605296,16
XOM,2020-04-28,-0.12929279,9
XOM,2020-04-29,0.026994376,9
XOM,2020-04-30,-0.027690124,11
XOM,2020-05-01,-0.40621457,36
XOM,2020-05-04,-0.038507037,13
XOM,2020-05-05,0.4503733,11
XOM,2020-05-06,-0.01204751,7
XOM,2020-05-07,0.014162592,7
XOM,2020-05-08,-0.14507663,6
XOM,2020-05-11,-0.2966693,9
XOM,2020-05-12,0.1903595,10
XOM,2020-05-13,-0.4054885,11
XOM,2020-05-14,-0.28542382,3
XOM,2020-05-15,-0.5207651,3
XOM,2020-05-18,0.21693015,12
XOM,2020-05-19,-0.047730632,5
XOM,2020-05-20,-0.12472767,7
XOM,2020-05-21,-0.25802755,3
XOM,2020-05-22,-0.12344202,5
XOM,2020-05-26,0.21347728,7
XOM,2020-05-27,-0.375239,5
XOM,2020-05-28,0.24690302,4
XOM,2020-05-29,0.1972126,5
XOM,2020-06-01,0.20736076,4
XOM,2020-06-02,0.46368894,7
XOM,2020-06-03,0.07966858,6
XOM,2020-06-04,-0.25179142,5
XOM,2020-06-05,0.19582668,11
XOM,2020-06-08,-0.0702272,5
XOM,2020-06-09,-0.18880688,6
XOM,2020-06-10,-0.21256614,9
XOM,2020-06-11,0.09868416,12
XOM,2020-06-12,0.06038344,2
XOM,2020-06-15,-0.31006882,10
XOM,2020-06-16,0.34407592,8
XOM,2020-06-17,0.05601541,5
XOM,2020-06-18,0.16293113,3
XOM,2020-06-19,0.06283652,6
XOM,2020-06-22,0.46891555,2
XOM,2020-06-23,0.30136698,4
XOM,2020-06-24,-0.93880856,4
XOM,2020-06-25,-0.14929783,7
XOM,2020-06-26,0.056382176,3
XOM,2020-06-29,-0.45071828,2
XOM,2020-06-30,0.18707149,4
XOM,2020-07-01,0.079794325,3
XOM,2020-07-02,-0.10814503,11
XOM,2020-07-06,0.21418963,7
XOM,2020-07-07,-0.14065363,7
XOM,2020-07-09,-0.12109933,4
XOM,2020-07-10,-0.60248667,3
XOM,2020-07-14,0.3501034,2
XOM,2020-07-15,-0.35004258,4
XOM,2020-07-16,0.18472427,3
XOM,2020-07-17,-0.22446977,3
XOM,2020-07-20,0.92037165,2
XOM,2020-07-21,0.22491574,9
XOM,2020-07-22,-0.11900209,4
XOM,2020-07-23,-0.06552507,2
XOM,2020-07-24,0.022185497,2
XOM,2020-07-27,-0.19747475,5
XOM,2020-07-28,0.035197686,1
XOM,2020-07-29,0.09890074,1
XOM,2020-07-30,-0.082572654,10
XOM,2020-07-31,-0.07514784,15
XOM,2020-08-03,0.062105965,5
XOM,2020-08-04,-0.16999407,6
XOM,2020-08-05,0.19162132,6
XOM,2020-08-06,0.5217042,3
XOM,2020-08-07,-0.27849755,3
XOM,2020-08-10,-0.4188024,5
XOM,2020-08-11,0.44225273,2
XOM,2020-08-12,0.43224534,4
XOM,2020-08-13,-0.00026701204,1
XOM,2020-08-14,0.22835815,2
XOM,2020-08-17,-0.20222686,3
XOM,2020-08-18,-0.06456741,6
XOM,2020-08-19,-0.026014864,1
XOM,2020-08-20,0.15673958,5
XOM,2020-08-21,-0.21179046,3
XOM,2020-08-24,-0.24804065,10
XOM,2020-08-25,-0.0050659045,15
XOM,2020-08-26,-0.027064245,7
XOM,2020-08-27,-0.13300292,7
XOM,2020-08-28,-0.17367838,4
XOM,2020-08-31,-0.3095479,14
XOM,2020-09-01,-0.45490578,6
XOM,2020-09-02,-0.5478593,5
XOM,2020-09-08,-0.18543084,6
XOM,2020-09-17,0.00362413,1
XOM,2020-09-18,0.13274673,4
XOM,2020-09-21,0.010933111,6
XOM,2020-09-22,0.30309084,2
XOM,2020-09-23,0.10819125,3
XOM,2020-09-24,0.18743372,2
XOM,2020-09-25,0.7856029,1
XOM,2020-09-28,0.3897777,4
XOM,2020-09-29,0.48388726,2
XOM,2020-09-30,-0.6012616,3
XOM,2020-10-01,-0.016418219,9
XOM,2020-10-02,-0.24468695,4
XOM,2020-10-05,-0.29424602,12
XOM,2020-10-08,0.26141527,7
XOM,2020-10-12,0.21637274,3
XOM,2020-10-13,-0.2688164,2
XOM,2020-10-14,0.09810348,2
XOM,2020-10-15,0.048695542,2
XOM,2020-10-16,-0.63323194,1
XOM,2020-10-19,0.11800289,3
XOM,2020-10-20,0.57095313,3
XOM,2020-10-21,-0.14155124,4
XOM,2020-10-22,0.15735212,4
XOM,2020-10-23,-0.31152904,4
XOM,2020-10-26,0.28314668,3
XOM,2020-10-27,0.06980714,2
XOM,2020-10-28,0.02531738,9
XOM,2020-10-29,-0.40544343,7
XOM,2020-10-30,-0.61735284,8
XOM,2020-11-02,0.30610767,6
XOM,2020-11-03,0.18238339,4
XOM,2020-11-04,-0.057785414,8
XOM,2020-11-05,-0.1740797,3
XOM,2020-11-06,-0.16517627,4
XOM,2020-11-09,0.18999185,13
XOM,2020-11-10,0.2151194,5
XOM,2020-11-11,-0.15043311,5
XOM,2020-11-12,0.13787456,3
XOM,2020-11-13,0.2355129,3
XOM,2020-11-16,0.25709543,4
XOM,2020-11-18,-0.11302999,4
XOM,2020-11-19,0.4795818,2
XOM,2020-11-20,0.24477029,1
XOM,2020-11-23,0.5903092,4
XOM,2020-11-24,-0.03335339,6
XOM,2020-11-25,-0.036680594,8
XOM,2020-11-27,-0.043455012,8
XOM,2020-11-30,-0.23555054,12
XOM,2020-12-01,-0.16707174,6
XOM,2020-12-02,-0.015232123,4
XOM,2020-12-03,-0.46471515,2
XOM,2020-12-04,-0.09184277,7
XOM,2020-12-07,0.07963113,12
XOM,2020-12-08,-0.149555,4
XOM,2020-12-09,0.4872691,5
XOM,2020-12-10,0.293428,5
XOM,2020-12-11,-0.14483544,5
XOM,2020-12-14,0.41547808,6
XOM,2020-12-15,0.5335362,3
XOM,2020-12-16,-0.26048306,3
XOM,2020-12-17,0.8238063,1
XOM,2020-12-18,-0.1691974,3
XOM,2020-12-21,-0.35614747,5
XOM,2020-12-22,-0.35358903,8
XOM,2020-12-23,0.08328011,2
XOM,2020-12-24,0.2498495,6
XOM,2020-12-28,0.4229696,6
XOM,2020-12-29,0.062056772,2
XOM,2020-12-30,-0.51061356,4
XOM,2020-12-31,0.011499535,6
XOM,2021-01-04,0.05703718,4
XOM,2021-01-05,-0.12835108,6
XOM,2021-01-06,0.027747927,6
XOM,2021-01-07,-0.10809263,3
XOM,2021-01-08,0.16014346,4
XOM,2021-01-11,-0.28597367,3
XOM,2021-01-12,0.08377683,4
XOM,2021-01-13,0.2501633,8
XOM,2021-01-14,0.50059325,1
XOM,2021-01-15,-0.34141013,13
XOM,2021-01-19,-0.62966996,4
XOM,2021-01-21,-0.1402474,4
XOM,2021-01-22,-0.46482304,4
XOM,2021-01-25,0.57933336,1
XOM,2021-01-26,0.104083024,2
XOM,2021-01-27,-0.025501996,6
XOM,2021-01-28,0.39860478,6
XOM,2021-01-29,-0.71681213,4
XOM,2021-02-01,-0.051743392,12
XOM,2021-02-02,0.019737756,19
XOM,2021-02-03,-0.28290296,4
XOM,2021-02-04,-0.4572284,4
XOM,2021-02-05,-0.43997577,2
XOM,2021-02-08,-0.016424242,8
XOM,2021-02-09,0.3300454,4
XOM,2021-02-10,-0.86580026,1
XOM,2021-02-11,0.054305747,4
XOM,2021-02-12,-0.613977,3
XOM,2021-02-16,-0.3516675,8
XOM,2021-02-17,0.03851835,5
XOM,2021-02-18,-0.22176783,3
XOM,2021-02-19,0.4063548,2
XOM,2021-02-22,0.01793786,9
XOM,2021-02-23,0.08155571,1
XOM,2021-02-24,0.24951592,5
XOM,2021-02-25,0.27684942,2
XOM,2021-02-26,-0.055256486,3
XOM,2021-03-01,0.2845446,12
XOM,2021-03-02,-0.33494332,3
XOM,2021-03-03,-0.056797255,11
XOM,2021-03-04,-0.38881475,4
XOM,2021-03-05,0.37667444,4
XOM,2021-03-08,0.3001527,5
XOM,2021-03-09,-0.036539283,3
XOM,2021-03-10,0.048657373,2
XOM,2021-03-11,0.13952641,3
XOM,2021-03-12,0.34819257,1
XOM,2021-03-15,-0.15678477,6
XOM,2021-03-16,-0.2855144,2
XOM,2021-03-17,0.551049,3
XOM,2021-03-18,-0.93397033,2
XOM,2021-03-19,0.9061111,1
XOM,2021-03-22,0.13024323,6
XOM,2021-03-23,-0.31642208,9
XOM,2021-03-24,0.27920893,3
XOM,2021-03-25,-0.025531765,4
XOM,2021-03-26,0.41359827,4
XOM,2021-03-29,0.021855535,5
XOM,2021-03-30,0.075394,3
XOM,2021-03-31,0.1300853,6
XOM,2021-04-01,-0.4944553,2
XOM,2021-04-05,-0.017535063,3
XOM,2021-04-06,0.33471328,2
XOM,2021-04-07,0.025866758,2
XOM,2021-04-08,-0.005607903,1
XOM,2021-04-09,0.12350709,2
XOM,2021-04-12,0.036620233,2
XOM,2021-04-13,-0.14883696,6
XOM,2021-04-14,0.27868643,3
XOM,2021-04-15,0.39524513,1
XOM,2021-04-16,0.15043536,3
XOM,2021-04-19,0.12756658,4
XOM,2021-04-20,0.12325535,3
XOM,2021-04-21,0.47053856,4
XOM,2021-04-22,0.040944695,3
XOM,2021-04-23,-0.266144,2
XOM,2021-04-26,-0.30765826,5
XOM,2021-04-27,0.16800043,1
XOM,2021-04-28,-0.07289922,5
XOM,2021-04-29,0.0040359003,2
XOM,2021-04-30,0.42451862,14
XOM,2021-05-03,0.15335068,5
XOM,2021-05-04,0.26429534,4
XOM,2021-05-05,-0.52984107,4
XOM,2021-05-06,0.064962365,6
XOM,2021-05-07,0.121559024,2
XOM,2021-05-10,0.13368766,10
XOM,2021-05-11,0.09195411,5
XOM,2021-05-12,-0.091174096,2
XOM,2021-05-13,-0.034572184,3
XOM,2021-05-14,-0.30634227,3
XOM,2021-05-17,0.121752866,6
XOM,2021-05-18,-0.40981382,4
XOM,2021-05-19,0.029630467,4
XOM,2021-05-20,-0.02115825,1
XOM,2021-05-21,-0.4696585,2
XOM,2021-05-24,-0.267056,3
XOM,2021-05-25,-0.34716463,9
XOM,2021-05-26,0.06446926,8
XOM,2021-05-27,-0.12454468,10
XOM,2021-05-28,0.2522849,5
XOM,2021-06-01,0.26829368,14
XOM,2021-06-02,0.28740886,10
XOM,2021-06-03,-0.16244125,6
XOM,2021-06-04,0.016236247,2
XOM,2021-06-07,0.4995172,2
XOM,2021-06-08,0.03884665,1
XOM,2021-06-09,0.0004743062,10
XOM,2021-06-10,0.24564987,4
XOM,2021-06-11,0.093343794,4
XOM,2021-06-14,-0.010281494,5
XOM,2021-06-15,-0.36286327,6
XOM,2021-06-16,-0.2531633,5
XOM,2021-06-17,-0.2533221,5
XOM,2021-06-18,0.7150846,1
XOM,2021-06-21,0.03447575,8
XOM,2021-06-22,0.5919465,4
XOM,2021-06-23,0.15550525,5
XOM,2021-06-24,0.20678824,3
XOM,2021-06-25,0.067100964,4
XOM,2021-06-28,0.12649186,2
XOM,2021-06-29,0.3628365,5
XOM,2021-06-30,-0.025011243,6
XOM,2021-07-01,-0.138283,5
XOM,2021-07-02,0.15345843,4
XOM,2021-07-06,-0.8973191,1
XOM,2021-07-07,0.011144749,4
XOM,2021-07-08,-0.2390775,3
XOM,2021-07-09,0.21735306,5
XOM,2021-07-12,0.45938832,4
XOM,2021-07-13,0.58758426,1
XOM,2021-07-14,0.059737355,2
XOM,2021-07-15,-0.16883272,3
XOM,2021-07-16,0.39551535,5
XOM,2021-07-19,-0.38217455,10
XOM,2021-07-20,0.089703016,3
XOM,2021-07-21,0.39301977,3
XOM,2021-07-22,-0.40050638,4
XOM,2021-07-23,0.8087985,5
XOM,2021-07-26,0.5470983,5
XOM,2021-07-27,0.5606672,1
XOM,2021-07-28,-0.049877014,4
XOM,2021-07-29,-0.09360817,5
XOM,2021-07-30,0.14196737,8
XOM,2021-08-02,-0.023571655,5
XOM,2021-08-03,0.4550421,3
XOM,2021-08-04,0.028291434,4
XOM,2021-08-05,0.09252637,6
XOM,2021-08-06,-0.8743798,1
XOM,2021-08-09,-0.6225212,6
XOM,2021-08-10,0.029903358,7
XOM,2021-08-11,0.09884024,5
XOM,2021-08-12,0.11584187,2
XOM,2021-08-13,-0.17528379,2
XOM,2021-08-16,0.046643447,3
XOM,2021-08-17,-0.9380596,3
XOM,2021-08-18,-0.0215123,4
XOM,2021-08-19,-0.33318397,7
XOM,2021-08-20,-0.37693122,5
XOM,2021-08-23,0.14971481,11
XOM,2021-08-24,0.24149567,3
XOM,2021-08-25,0.10987715,2
XOM,2021-08-26,-0.35548607,5
XOM,2021-08-27,0.48661643,4
XOM,2021-08-30,-0.15298449,7
XOM,2021-08-31,-0.2129953,6
XOM,2021-09-01,0.00954433,7
XOM,2021-09-02,0.12980792,13
XOM,2021-09-03,-0.04788517,8
XOM,2021-09-07,-0.07859938,10
XOM,2021-09-08,-0.028386904,7
XOM,2021-09-09,0.09700642,10
XOM,2021-09-10,0.5099199,4
XOM,2021-09-13,0.32134286,8
XOM,2021-09-14,0.01250869,2
XOM,2021-09-15,-0.31966186,5
XOM,2021-09-16,-0.8092302,1
XOM,2021-09-17,0.19489254,3
XOM,2021-09-20,0.030075861,4
XOM,2021-09-21,0.11366005,1
XOM,2021-09-22,0.43444118,3
XOM,2021-09-23,0.20574498,4
XOM,2021-09-24,-0.19877608,7
XOM,2021-09-27,-0.32867765,9
XOM,2021-09-28,-0.26220822,3
XOM,2021-09-29,0.35326222,7
XOM,2021-09-30,0.26709962,4
XOM,2021-10-01,0.73571074,2
XOM,2021-10-04,0.15414642,8
XOM,2021-10-05,-0.13039643,1
XOM,2021-10-06,0.0356085,4
XOM,2021-10-07,-0.13463381,7
XOM,2021-10-08,-0.284423,9
XOM,2021-10-11,-0.22296242,6
XOM,2021-10-12,0.33714,3
XOM,2021-10-13,0.28049898,2
XOM,2021-10-14,0.031003326,4
XOM,2021-10-15,0.40496683,4
XOM,2021-10-18,-0.35896456,5
XOM,2021-10-19,-0.2570048,5
XOM,2021-10-20,-0.19639736,4
XOM,2021-10-21,0.17465337,4
XOM,2021-10-22,0.10459322,5
XOM,2021-10-25,0.23713762,9
XOM,2021-10-26,-0.011955676,7
XOM,2021-10-27,-0.39949736,7
XOM,2021-10-28,-0.010417536,8
XOM,2021-10-29,0.24642353,12
XOM,2021-11-01,-0.048142552,8
XOM,2021-11-02,-0.0019459344,9
XOM,2021-11-03,0.19166419,5
XOM,2021-11-04,0.61604774,4
XOM,2021-11-05,0.28327236,3
XOM,2021-11-08,0.07980327,10
XOM,2021-11-09,0.1511818,5
XOM,2021-11-10,0.4989932,6
XOM,2021-11-11,0.31554368,3
XOM,2021-11-15,-0.116672345,4
XOM,2021-11-16,0.12438202,5
XOM,2021-11-17,-0.01707906,7
XOM,2021-11-18,0.6286632,1
XOM,2021-11-19,0.050546538,6
XOM,2021-11-22,0.058560982,3
XOM,2021-11-23,-0.17804396,4
XOM,2021-11-24,-0.27926347,1
XOM,2021-11-26,-0.48536858,6
XOM,2021-11-29,0.37256864,4
XOM,2021-11-30,0.30980447,4
XOM,2021-12-01,0.15986447,6
XOM,2021-12-02,0.22840488,7
XOM,2021-12-03,0.045639947,4
XOM,2021-12-06,-0.008082935,7
XOM,2021-12-07,-0.054458387,5
XOM,2021-12-08,-0.117131434,7
XOM,2021-12-09,-0.25612584,3
XOM,2021-12-10,0.3841034,5
XOM,2021-12-13,0.007818887,7
XOM,2021-12-14,0.010556632,2
XOM,2021-12-15,-0.038059153,2
XOM,2021-12-16,0.28822505,2
XOM,2021-12-17,0.37136975,5
XOM,2021-12-20,0.11833823,3
XOM,2021-12-22,0.4738356,2
XOM,2021-12-23,-0.3089917,6
XOM,2021-12-27,-0.17071709,4
XOM,2021-12-28,-0.60458386,2
XOM,2021-12-29,-0.567061,3
XOM,2021-12-30,0.093456395,4
XOM,2021-12-31,-0.06212734,5
XOM,2022-01-03,0.37793562,7
XOM,2022-01-04,-0.74359393,1
XOM,2022-01-05,-0.023589458,9
XOM,2022-01-06,-0.2886164,3
XOM,2022-01-07,0.08939597,3
XOM,2022-01-10,0.39962524,5
XOM,2022-01-11,0.28062317,7
XOM,2022-01-12,0.042550735,16
XOM,2022-01-13,0.34470358,12
XOM,2022-01-14,-0.03098169,10
XOM,2022-01-18,0.14526704,14
XOM,2022-01-19,-0.15538011,3
XOM,2022-01-20,0.594575,6
XOM,2022-01-21,-0.03361424,4
XOM,2022-01-24,0.37590626,6
XOM,2022-01-25,0.22946605,10
XOM,2022-01-26,0.042605326,9
XOM,2022-01-27,0.12155134,13
XOM,2022-01-28,-0.004749924,16
XOM,2022-01-31,0.25761178,8
XOM,2022-02-01,0.03368049,23
XOM,2022-02-02,0.18177548,10
XOM,2022-02-03,0.005176657,9
XOM,2022-02-04,0.75810385,2
XOM,2022-02-07,0.012863908,9
XOM,2022-02-08,0.14100254,10
XOM,2022-02-09,-0.41926372,1
XOM,2022-02-10,0.017556343,7
XOM,2022-02-11,0.2782442,10
XOM,2022-02-14,0.040968418,18
XOM,2022-02-15,0.051423945,7
XOM,2022-02-16,0.03236255,10
XOM,2022-02-17,0.13501945,10
XOM,2022-02-18,-0.16825916,5
XOM,2022-02-22,-0.106733784,16
XOM,2022-02-23,-0.21001048,8
XOM,2022-02-24,-0.28101516,10
XOM,2022-02-25,0.05345583,13
XOM,2022-02-28,-0.19385652,12
XOM,2022-03-01,-0.18007946,19
XOM,2022-03-02,-0.2061696,24
XOM,2022-03-03,0.044073522,13
XOM,2022-03-04,-0.0021734324,10
XOM,2022-03-07,0.023563039,15
XOM,2022-03-08,0.0026392073,15
XOM,2022-03-09,0.4343582,12
XOM,2022-03-10,-0.03005882,8
XOM,2022-03-11,0.16402283,8
XOM,2022-03-14,-0.084928356,9
XOM,2022-03-15,0.04991305,8
XOM,2022-03-16,0.2378466,11
XOM,2022-03-17,0.25195232,9
XOM,2022-03-18,0.24659996,3
XOM,2022-03-21,-0.048071373,11
XOM,2022-03-22,0.26817447,10
XOM,2022-03-23,-0.108869255,6
XOM,2022-03-24,0.28115305,10
XOM,2022-03-25,0.13918789,12
XOM,2022-03-28,0.0855294,9
XOM,2022-03-29,0.17499055,11
XOM,2022-03-30,-0.9377768,3
XOM,2022-03-31,-0.24425884,6
XOM,2022-04-01,0.36585206,5
XOM,2022-04-04,-0.072564706,10
XOM,2022-04-05,-0.40368748,5
XOM,2022-04-06,0.03567428,2
XOM,2022-04-07,-0.10311325,5
XOM,2022-04-08,0.38618484,5
XOM,2022-04-11,0.27515623,4
XOM,2022-04-12,-0.13314141,5
XOM,2022-04-13,0.07445065,5
XOM,2022-04-14,0.08439301,2
XOM,2022-04-18,0.08726414,9
XOM,2022-04-19,0.20355225,4
XOM,2022-04-20,0.26021248,2
XOM,2022-04-21,0.29574734,8
XOM,2022-04-22,0.40604714,2
XOM,2022-04-25,-0.22579427,10
XOM,2022-04-26,0.38783324,8
XOM,2022-04-27,0.01627856,10
XOM,2022-04-28,0.012144124,14
XOM,2022-04-29,-0.016952531,27
XOM,2022-05-02,0.03172528,6
XOM,2022-05-03,0.1718356,12
XOM,2022-05-04,0.6428516,3
XOM,2022-05-05,0.1930568,5
XOM,2022-05-06,0.36865363,4
XOM,2022-05-09,0.0027660818,11
XOM,2022-05-10,0.58074206,4
XOM,2022-05-11,-0.21129899,4
XOM,2022-05-12,0.22992481,8
XOM,2022-05-13,0.27273506,5
XOM,2022-05-16,-0.006723995,9
XOM,2022-05-17,0.3889983,5
XOM,2022-05-18,0.16592503,6
XOM,2022-05-19,-0.065181546,6
XOM,2022-05-20,0.1083462,5
XOM,2022-05-23,-0.3162947,6
XOM,2022-05-24,0.40102538,5
XOM,2022-05-25,0.15337555,12
XOM,2022-05-26,0.21402335,5
XOM,2022-05-27,0.29310867,6
XOM,2022-05-31,-0.14386117,4
XOM,2022-06-01,-0.056260526,6
XOM,2022-06-02,0.28021145,6
XOM,2022-06-03,0.08116586,3
XOM,2022-06-06,0.09396119,7
XOM,2022-06-07,0.19010381,8
XOM,2022-06-08,-0.07159622,9
XOM,2022-06-09,0.18898337,5
XOM,2022-06-10,-0.14111412,5
XOM,2022-06-13,-0.11343236,11
XOM,2022-06-14,0.066498436,3
XOM,2022-06-15,-0.0297213,8
XOM,2022-06-16,0.030510778,3
XOM,2022-06-17,0.14111915,5
XOM,2022-06-21,0.07772816,17
XOM,2022-06-22,-0.20146608,12
XOM,2022-06-23,0.27846682,9
XOM,2022-06-24,-0.13850123,4
XOM,2022-06-27,-0.04491938,5
XOM,2022-06-28,0.3157998,6
XOM,2022-06-29,0.037295543,13
XOM,2022-06-30,0.17178938,5
XOM,2022-07-01,-0.042548224,13
XOM,2022-07-05,-0.031022733,16
XOM,2022-07-06,-0.06448831,8
XOM,2022-07-07,-0.014254451,9
XOM,2022-07-08,-0.08652568,4
XOM,2022-07-11,-0.1384696,10
XOM,2022-07-12,0.2218216,6
XOM,2022-07-13,0.61128056,4
XOM,2022-07-14,0.022081373,11
XOM,2022-07-15,0.20368631,5
XOM,2022-07-18,0.20784985,7
XOM,2022-07-19,0.10277616,3
XOM,2022-07-20,-0.06688142,4
XOM,2022-07-21,0.18047205,5
XOM,2022-07-22,-0.07607538,4
XOM,2022-07-25,0.24759549,11
XOM,2022-07-26,0.22787488,6
XOM,2022-07-27,0.38731554,10
XOM,2022-07-28,0.29911205,10
XOM,2022-07-29,0.53976905,24
XOM,2022-08-01,0.059393086,11
XOM,2022-08-02,0.2384759,8
XOM,2022-08-03,0.13365981,17
XOM,2022-08-04,-0.19483086,7
XOM,2022-08-05,-0.12633099,10
XOM,2022-08-08,0.44058546,10
XOM,2022-08-09,0.1779999,9
XOM,2022-08-10,-0.19355415,7
XOM,2022-08-11,-0.118907474,5
XOM,2022-08-12,0.06940891,5
XOM,2022-08-15,-0.04715763,11
XOM,2022-08-16,0.008382301,6
XOM,2022-08-17,0.7131223,4
XOM,2022-08-18,0.43022165,5
XOM,2022-08-19,0.07304366,5
XOM,2022-08-22,0.044758692,9
XOM,2022-08-23,0.30470747,9
XOM,2022-08-24,-0.28596976,10
XOM,2022-08-25,0.2141894,8
XOM,2022-08-26,-0.10185723,5
XOM,2022-08-29,0.034502786,9
XOM,2022-08-30,0.14725034,7
XOM,2022-08-31,0.045704793,11
XOM,2022-09-01,0.16492753,8
XOM,2022-09-02,0.15966357,14
XOM,2022-09-06,0.1900001,10
XOM,2022-09-07,0.14131677,4
XOM,2022-09-08,0.24906725,6
XOM,2022-09-09,0.1724577,5
XOM,2022-09-12,0.13938306,8
XOM,2022-09-13,0.08990537,7
XOM,2022-09-14,0.08918154,8
XOM,2022-09-15,0.37382755,7
XOM,2022-09-16,0.40089712,8
XOM,2022-09-19,0.04539563,7
XOM,2022-09-20,0.8437021,1
XOM,2022-10-03,0.28510115,13
XOM,2022-10-04,0.11125391,6
XOM,2022-10-05,0.104114905,9
XOM,2022-10-06,0.027920783,12
XOM,2022-10-07,0.18099344,7
XOM,2022-10-10,-0.0773748,12
XOM,2022-10-11,-0.1605018,5
XOM,2022-10-12,-0.08713558,13
XOM,2022-10-13,-0.15175289,9
XOM,2022-10-14,0.1527519,14
XOM,2022-10-17,-0.1660772,8
XOM,2022-10-18,-0.2918016,8
XOM,2022-10-19,-0.076227866,3
XOM,2022-10-20,0.29770413,6
XOM,2022-10-21,0.28908426,7
XOM,2022-10-24,0.07257,9
XOM,2022-10-25,0.43328553,5
XOM,2022-10-26,0.07002901,10
XOM,2022-10-27,0.23126711,11
XOM,2022-10-28,0.46983895,18
XOM,2022-10-31,-0.06078722,16
XOM,2022-11-01,0.32013807,11
XOM,2022-11-02,-0.07630915,7
XOM,2022-11-03,0.21830003,6
XOM,2022-11-04,0.124949805,6
XOM,2022-11-07,-0.15643659,10
XOM,2022-11-08,0.54030126,6
XOM,2022-11-09,0.022364179,3
XOM,2022-11-10,0.31205863,4
XOM,2022-11-11,-9.071361e-05,2
XOM,2022-11-14,0.17420554,13
XOM,2022-11-15,0.059965502,2
XOM,2022-11-16,0.17545617,5
XOM,2022-11-17,0.113594815,5
XOM,2022-11-18,0.019006848,5
XOM,2022-11-21,0.17660658,8
XOM,2022-11-22,0.12577209,3
XOM,2022-11-23,0.04008524,4
XOM,2022-11-25,0.20085296,5
XOM,2022-11-28,-0.28527495,8
XOM,2022-11-29,-0.05808663,8
XOM,2022-11-30,0.15892671,7
XOM,2022-12-01,0.7690277,1
XOM,2022-12-02,0.75703394,2
XOM,2022-12-05,-0.16632651,7
XOM,2022-12-06,0.388349,5
XOM,2022-12-07,0.242011,4
XOM,2022-12-08,0.043765567,13
XOM,2022-12-09,0.0662319,7
XOM,2022-12-12,0.06647826,7
XOM,2022-12-13,0.20394316,4
XOM,2022-12-14,-0.19706826,5
XOM,2022-12-15,0.112160444,8
XOM,2022-12-16,-0.061354406,1
XOM,2022-12-19,0.1588529,5
XOM,2022-12-20,0.17857516,8
XOM,2022-12-21,-0.2611017,3
XOM,2022-12-22,0.07542037,4
XOM,2022-12-23,-0.3593232,1
XOM,2022-12-27,-0.03670431,10
XOM,2022-12-28,-0.28249118,7
XOM,2022-12-30,0.26158336,3
XOM,2023-01-03,-0.026849365,10
XOM,2023-01-04,0.47627434,8
XOM,2023-01-05,0.058726497,8
XOM,2023-01-06,0.11754781,5
XOM,2023-01-09,0.23993012,7
XOM,2023-01-10,0.24520032,7
XOM,2023-01-11,0.044352636,4
XOM,2023-01-12,0.10408989,7
XOM,2023-01-13,0.33716252,7
XOM,2023-01-17,0.1012942,15
XOM,2023-01-18,0.22570546,9
XOM,2023-01-19,0.22311059,4
XOM,2023-01-20,0.16320056,8
XOM,2023-01-23,0.124119826,16
XOM,2023-01-24,-0.20621365,6
XOM,2023-01-25,0.062925726,9
XOM,2023-01-26,0.22254682,13
XOM,2023-01-27,-0.091301724,10
XOM,2023-01-30,-0.4160929,6
XOM,2023-01-31,0.1446288,26
XOM,2023-02-01,0.08937936,9
XOM,2023-02-02,-0.055532973,6
XOM,2023-02-03,-0.012628655,3
XOM,2023-02-06,0.22435911,9
XOM,2023-02-07,0.2989904,7
XOM,2023-02-08,0.29429686,9
XOM,2023-02-09,0.4687512,7
XOM,2023-02-10,0.0833398,6
XOM,2023-02-13,0.129573,9
XOM,2023-02-14,-0.527638,5
XOM,2023-02-15,0.17906646,6
XOM,2023-02-16,0.029387884,9
XOM,2023-02-17,-0.12853298,4
XOM,2023-02-21,-0.0058745504,9
XOM,2023-02-22,-0.29756868,6
XOM,2023-02-23,0.20592809,7
XOM,2023-02-24,0.034274183,4
XOM,2023-02-27,-0.236317,6
XOM,2023-02-28,0.35436165,3
XOM,2023-03-01,0.021607354,4
XOM,2023-03-02,-0.19752833,8
XOM,2023-03-03,-0.45143396,2
XOM,2023-03-06,0.08068612,12
XOM,2023-03-07,0.33084935,10
XOM,2023-03-08,0.014686431,7
XOM,2023-03-09,0.05500452,8
XOM,2023-03-10,-0.28900233,6
XOM,2023-03-13,0.11689463,9
XOM,2023-03-14,-0.11748525,6
XOM,2023-03-15,-0.4984935,8
XOM,2023-03-16,-0.059106678,5
XOM,2023-03-20,-0.07764112,10
XOM,2023-03-21,-0.29961511,10
XOM,2023-03-22,-0.22791088,8
XOM,2023-03-23,0.033789553,5
XOM,2023-03-24,-0.021977764,5
XOM,2023-03-27,-0.3252428,6
XOM,2023-03-28,-0.27462226,3
XOM,2023-03-29,0.082508266,10
XOM,2023-03-30,0.36185613,5
XOM,2023-03-31,0.21448362,4
XOM,2023-04-03,-0.1811167,19
XOM,2023-04-04,0.2495375,14
XOM,2023-04-05,-0.07077047,11
XOM,2023-04-06,0.17069575,13
XOM,2023-04-10,-0.036938533,23
XOM,2023-04-11,-0.12058512,9
XOM,2023-04-12,-0.10349856,4
XOM,2023-04-13,-0.12487759,10
XOM,2023-04-14,0.06395825,8
XOM,2023-04-17,0.056771472,12
XOM,2023-04-18,0.12873037,9
XOM,2023-04-19,0.32001045,8
XOM,2023-04-20,-0.1413727,6
XOM,2023-04-21,-0.12147055,7
XOM,2023-04-24,-0.13691181,11
XOM,2023-04-25,0.090299934,4
XOM,2023-04-26,0.46284485,5
XOM,2023-04-27,0.009118547,10
XOM,2023-04-28,0.19943395,31
XOM,2023-05-01,0.13926312,19
XOM,2023-05-02,-0.34347957,9
XOM,2023-05-03,-0.3288485,3
XOM,2023-05-04,0.15062295,6
XOM,2023-05-05,0.11623235,5
XOM,2023-05-08,0.085513555,6
XOM,2023-05-09,-0.02196994,7
XOM,2023-05-10,0.08347254,1
XOM,2023-05-11,0.4221223,7
XOM,2023-05-12,0.2929587,6
XOM,2023-05-15,-0.052150644,9
XOM,2023-05-16,0.13797207,6
XOM,2023-05-17,0.3605318,5
XOM,2023-05-18,-0.419142,5
XOM,2023-05-19,0.07657464,8
XOM,2023-05-22,0.17078754,10
XOM,2023-05-23,0.3165736,5
XOM,2023-05-24,-0.09814629,4
XOM,2023-05-25,0.070008546,9
XOM,2023-05-26,0.1366064,9
XOM,2023-05-30,0.13734199,9
XOM,2023-05-31,0.0988387,5
XOM,2023-06-01,0.16609867,8
XOM,2023-06-02,-0.023183836,11
XOM,2023-06-05,-0.09028006,9
XOM,2023-06-06,-0.246555,10
XOM,2023-06-07,0.38182282,3
XOM,2023-06-08,0.0044168956,6
XOM,2023-06-09,0.022504043,5
XOM,2023-06-12,0.041426674,8
XOM,2023-06-13,0.26634416,6
XOM,2023-06-14,0.03824323,4
XOM,2023-06-15,0.30439124,3
XOM,2023-06-16,-0.0035359748,4
XOM,2023-06-20,0.05008509,7
XOM,2023-06-21,0.1673981,10
XOM,2023-06-22,0.0007757193,9
XOM,2023-06-23,-0.020670379,6
XOM,2023-06-26,-0.099944234,6
XOM,2023-06-27,0.09990356,3
XOM,2023-06-28,0.30031213,5
XOM,2023-06-29,-0.21348421,3
XOM,2023-06-30,0.025809517,2
XOM,2023-07-03,0.0708996,10
XOM,2023-07-05,0.23389846,13
XOM,2023-07-06,-0.3789113,14
XOM,2023-07-07,0.42394975,6
XOM,2023-07-10,-0.069445975,7
XOM,2023-07-11,0.0014352351,4
XOM,2023-07-12,0.11970842,6
XOM,2023-07-13,0.12018309,12
XOM,2023-07-14,-0.12238991,13
XOM,2023-07-17,0.12559684,6
XOM,2023-07-18,0.19950801,4
XOM,2023-07-19,-0.023522826,5
XOM,2023-07-20,0.029972462,8
XOM,2023-07-21,-0.22792995,3
XOM,2023-07-24,0.23990455,10
XOM,2023-07-25,-0.18692906,5
XOM,2023-07-26,-0.07588823,5
XOM,2023-07-27,0.0677898,6
XOM,2023-07-28,-0.011800888,30
XOM,2023-07-31,0.23184112,15
XOM,2023-08-01,0.024835447,6
XOM,2023-08-02,0.3341937,2
XOM,2023-08-03,0.054102547,10
XOM,2023-08-04,0.047724698,3
XOM,2023-08-07,0.035882555,5
XOM,2023-08-08,0.0055326708,1
XOM,2023-08-09,-0.26871136,3
XOM,2023-08-10,0.14842765,6
XOM,2023-08-11,-0.053141754,7
XOM,2023-08-14,-0.114574514,6
XOM,2023-08-15,-0.078116424,7
XOM,2023-08-16,0.3707919,6
XOM,2023-08-17,-0.37003872,13
XOM,2023-08-18,-0.096312255,10
XOM,2023-08-21,-0.006415561,4
XOM,2023-08-22,0.06098205,7
XOM,2023-08-23,-0.053812694,7
XOM,2023-08-24,0.21191402,5
XOM,2023-08-25,0.055781,2
XOM,2023-08-28,0.26260015,8
XOM,2023-08-29,0.01674639,2
XOM,2023-08-30,-0.46906742,7
XOM,2023-08-31,0.12734905,4
XOM,2023-09-01,0.6436157,1
XOM,2023-09-05,0.33513016,7
XOM,2023-09-06,0.10649177,2
XOM,2023-09-07,-0.06469151,5
XOM,2023-09-08,0.13350275,6
XOM,2023-09-11,-0.027528841,2
XOM,2023-09-12,0.22733347,10
XOM,2023-09-13,0.28941622,8
XOM,2023-09-14,0.19120826,3
XOM,2023-09-15,0.10888294,3
XOM,2023-09-18,0.027298385,10
XOM,2023-09-19,0.07001011,13
XOM,2023-09-20,0.06708915,7
XOM,2023-09-21,-0.09325256,8
XOM,2023-09-22,-0.07270689,8
XOM,2023-09-25,0.18703042,16
XOM,2023-09-26,0.3366405,3
XOM,2023-09-27,-0.15949152,6
XOM,2023-09-28,-0.05727236,9
XOM,2023-09-29,0.068405166,10
XOM,2023-10-02,0.07232152,7
XOM,2023-10-03,0.3392394,2
XOM,2023-10-04,0.22802433,11
XOM,2023-10-05,0.18926716,13
XOM,2023-10-06,-0.099156156,26
XOM,2023-10-09,-0.22744839,20
XOM,2023-10-10,-0.051301457,9
XOM,2023-10-11,-0.064487204,23
XOM,2023-10-12,-0.017664012,5
XOM,2023-10-17,0.102703154,10
XOM,2023-10-18,-0.5150324,10
XOM,2023-10-19,0.21861634,11
XOM,2023-10-20,0.16942574,9
XOM,2023-10-23,-0.26841018,22
XOM,2023-10-24,0.22502287,10
XOM,2023-10-25,0.10616475,12
XOM,2023-10-26,0.023458641,15
XOM,2023-10-27,-0.028637372,29
XOM,2023-10-30,0.13319263,9
XOM,2023-10-31,0.21248636,8
XOM,2023-11-01,0.23055318,9
XOM,2023-11-02,0.34218106,10
XOM,2023-11-03,0.065467276,2
XOM,2023-11-06,-0.092268705,7
XOM,2023-11-07,-0.18231276,8
XOM,2023-11-08,0.001790151,8
XOM,2023-11-09,-0.086230196,11
XOM,2023-11-10,-0.046609133,7
XOM,2023-11-13,0.1483749,9
XOM,2023-11-14,0.16736798,15
XOM,2023-11-15,0.2175938,4
XOM,2023-11-16,-0.0064489692,8
XOM,2023-11-17,0.12977503,7
XOM,2023-11-20,-0.21094416,4
XOM,2023-11-21,0.071215875,7
XOM,2023-11-22,-0.21502867,7
XOM,2023-11-24,0.16268818,7
XOM,2023-11-27,0.1478706,5
XOM,2023-11-28,-0.3287322,5
XOM,2023-11-29,-0.0026792674,8
XOM,2023-11-30,-0.09540219,6
XOM,2023-12-01,0.19916126,4
XOM,2023-12-04,0.1327793,4
XOM,2023-12-05,0.21895559,10
XOM,2023-12-06,0.21967438,14
XOM,2023-12-07,-0.073720425,10
XOM,2023-12-08,0.07390636,14
XOM,2023-12-11,-0.120731324,25
XOM,2023-12-12,0.19841257,13
XOM,2023-12-13,0.30719292,6
XOM,2023-12-14,0.34672418,6
XOM,2023-12-15,0.04315395,1
XOM,2023-12-18,0.4171861,14
