,AAPL,JNJ,JPM,MSFT,XOM,CASH
2022-01-04,0.02799876,0.09691083,0.10977154,0.04205593,0.15359864,0.5696643
2022-01-05,0.06629117,0.19235867,0.13008308,0.031351864,0.3468499,0.23306532
2022-01-06,0.060135968,0.3275557,0.08090638,0.043776006,0.4,0.08762596
2022-01-07,0.06953214,0.4,0.04913187,0.043711357,0.4,0.03762463
2022-01-10,0.048648946,0.4,0.055612165,0.06283911,0.4,0.03289978
2022-01-11,0.057520542,0.4,0.047053576,0.07134822,0.4,0.024077663
2022-01-12,0.08788346,0.4,0.044796124,0.04203337,0.4,0.02528705
2022-01-13,0.101881884,0.4,0.029587036,0.04552975,0.4,0.023001332
2022-01-14,0.10503219,0.4,0.024248635,0.051536992,0.4,0.019182187
2022-01-18,0.11129048,0.4,0.020560365,0.041712105,0.4,0.026437053
2022-01-19,0.11714119,0.4,0.018811764,0.03397797,0.4,0.030069081
2022-01-20,0.1069909,0.4,0.022362903,0.03959718,0.4,0.031049017
2022-01-21,0.11659457,0.4,0.021002473,0.03314923,0.4,0.029253727
2022-01-24,0.09158808,0.4,0.025151348,0.041333362,0.4,0.04192721
2022-01-25,0.116739914,0.4,0.018803993,0.029111303,0.4,0.035344787
2022-01-26,0.108709276,0.4,0.02511027,0.037042793,0.4,0.029137658
2022-01-27,0.10405101,0.4,0.02887398,0.03782968,0.4,0.029245332
2022-01-28,0.099330924,0.4,0.03392956,0.03557908,0.4,0.031160433
2022-01-31,0.08895114,0.4,0.032733686,0.04772492,0.4,0.030590247
2022-02-01,0.09104553,0.4,0.031075137,0.049337737,0.4,0.0285416
2022-02-02,0.07551004,0.4,0.032489456,0.06543053,0.4,0.02656998
2022-02-03,0.10350639,0.4,0.026083808,0.04315994,0.4,0.027249869
2022-02-04,0.1117715,0.4,0.023329128,0.034983993,0.4,0.029915376
2022-02-07,0.12665501,0.4,0.020836761,0.024562031,0.4,0.027946202
2022-02-08,0.090021364,0.4,0.028237553,0.028683646,0.4,0.05305744
2022-02-09,0.12190257,0.4,0.020566966,0.02798372,0.4,0.029546743
2022-02-10,0.1339014,0.4,0.01648875,0.022423897,0.4,0.027185952
2022-02-11,0.13260563,0.4,0.014920926,0.017194053,0.4,0.035279393
2022-02-14,0.20532006,0.32812977,0.018164273,0.016506622,0.4,0.03187927
2022-02-15,0.3307802,0.25868773,0.020487873,0.012026951,0.33523962,0.042777613
2022-02-16,0.4,0.24546099,0.02180298,0.01407903,0.2807944,0.037862588
2022-02-17,0.4,0.28868997,0.031099014,0.016520845,0.23163414,0.032056026
2022-02-18,0.4,0.3036241,0.034216188,0.016601568,0.20209844,0.043459706
2022-02-22,0.4,0.3484551,0.038482107,0.018590186,0.16231816,0.03215446
2022-02-23,0.4,0.3675644,0.042547442,0.019300561,0.14454466,0.026042923
2022-02-24,0.4,0.39437622,0.04287609,0.019462647,0.113253385,0.030031668
2022-02-25,0.4,0.39172137,0.042447623,0.017965706,0.10463458,0.043230716
2022-02-28,0.4,0.4,0.0249761,0.0152582,0.13513424,0.024631469
2022-03-01,0.36275125,0.4,0.026904048,0.014997194,0.15443748,0.04091003
2022-03-02,0.39912474,0.4,0.027148206,0.018037712,0.13084672,0.024842625
2022-03-03,0.3163251,0.4,0.032527164,0.020226909,0.19358933,0.037331507
2022-03-04,0.20904551,0.4,0.03125343,0.021794574,0.30089933,0.03700715
2022-03-07,0.11304117,0.4,0.033278376,0.018945456,0.3830142,0.051720805
2022-03-08,0.063220344,0.4,0.04662747,0.035690125,0.4,0.054462064
2022-03-09,0.055580724,0.4,0.030249795,0.018249976,0.4,0.095919505
2022-03-10,0.059890702,0.4,0.041207083,0.04685869,0.4,0.052043524
2022-03-11,0.06299518,0.4,0.04492521,0.039108608,0.4,0.052970998
2022-03-14,0.07041526,0.4,0.041775033,0.036895193,0.4,0.050914515
2022-03-15,0.07345063,0.4,0.040966008,0.044868592,0.4,0.04071477
2022-03-16,0.07565597,0.4,0.044760104,0.045638565,0.4,0.033945363
2022-03-17,0.08158152,0.4,0.040492024,0.047441956,0.4,0.030484501
2022-03-18,0.06790095,0.4,0.030192873,0.07421626,0.4,0.027689915
2022-03-21,0.10962997,0.4,0.026005024,0.038164202,0.4,0.026200807
2022-03-22,0.115743995,0.4,0.02320905,0.03124086,0.4,0.029806094
2022-03-23,0.1686389,0.4,0.0136117125,0.013275278,0.37340838,0.03106572
2022-03-24,0.23873024,0.4,0.017721204,0.01001013,0.29750285,0.03603558
2022-03-25,0.4,0.4,0.020784115,0.01789141,0.14289173,0.018432746
2022-03-28,0.4,0.4,0.043512106,0.023642315,0.112691805,0.020153774
2022-03-29,0.4,0.4,0.044756703,0.021201743,0.10996675,0.024074804
2022-03-30,0.4,0.4,0.040824138,0.023222324,0.11097763,0.024975915
2022-03-31,0.4,0.4,0.043764263,0.025747295,0.109437615,0.021050828
2022-04-01,0.4,0.4,0.034020353,0.049658716,0.09127627,0.025044661
2022-04-04,0.4,0.4,0.041356467,0.027205396,0.095188,0.036250137
2022-04-05,0.4,0.4,0.04520611,0.025066001,0.09354402,0.036183864
2022-04-06,0.4,0.4,0.041721195,0.02401571,0.10153269,0.032730408
2022-04-07,0.4,0.4,0.038296886,0.021528782,0.102026746,0.038147587
2022-04-08,0.4,0.4,0.04261254,0.018661747,0.09375849,0.044967216
2022-04-11,0.33646324,0.4,0.056521825,0.026205583,0.12590495,0.054904405
2022-04-12,0.3161734,0.4,0.05501121,0.027643811,0.13816023,0.063011356
2022-04-13,0.26295638,0.4,0.05309719,0.027262935,0.18094136,0.07574214
2022-04-14,0.2456299,0.4,0.047747917,0.025737973,0.20927434,0.07160986
2022-04-18,0.12195215,0.4,0.034267172,0.02695108,0.34495074,0.07187886
2022-04-19,0.08987432,0.4,0.029388856,0.03610315,0.4,0.044633675
2022-04-20,0.04902066,0.4,0.027636752,0.09382546,0.4,0.029517129
2022-04-21,0.060020115,0.4,0.03607027,0.07848922,0.4,0.0254204
2022-04-22,0.06698804,0.4,0.036528267,0.06659287,0.4,0.029890815
2022-04-25,0.0777174,0.4,0.033331797,0.054614767,0.4,0.034336038
2022-04-26,0.063472465,0.4,0.04047939,0.060270794,0.4,0.035777353
2022-04-27,0.060076956,0.4,0.04334398,0.056934167,0.4,0.039644897
2022-04-28,0.07672883,0.4,0.041977346,0.04050088,0.4,0.040792946
2022-04-29,0.06461192,0.4,0.04579941,0.064391635,0.4,0.025197033
2022-05-02,0.08711595,0.4,0.031289082,0.049934637,0.4,0.03166033
2022-05-03,0.099430576,0.4,0.028121777,0.040348005,0.4,0.032099646
2022-05-04,0.12838447,0.4,0.018527968,0.029564913,0.4,0.023522655
2022-05-05,0.1424968,0.4,0.015034169,0.022178467,0.4,0.020290576
2022-05-06,0.14396653,0.4,0.011860416,0.020405501,0.4,0.023767557
2022-05-09,0.15436205,0.4,0.008504522,0.012766359,0.4,0.024367059
2022-05-10,0.1353788,0.4,0.01401549,0.01869354,0.4,0.031912174
2022-05-11,0.12727185,0.3999392,0.015441663,0.022312604,0.4,0.035034668
2022-05-12,0.11508915,0.3905461,0.023316005,0.02749632,0.4,0.043552414
2022-05-13,0.11273257,0.4,0.0228343,0.028810097,0.4,0.035623036
2022-05-16,0.116966315,0.4,0.020257495,0.020240515,0.4,0.042535678
2022-05-17,0.12341073,0.4,0.019426513,0.019299861,0.4,0.037862893
2022-05-18,0.12794891,0.4,0.01952176,0.023864374,0.4,0.028664956
2022-05-19,0.13326186,0.4,0.015388227,0.019297797,0.4,0.03205212
2022-05-20,0.15246564,0.38822162,0.012758716,0.015130016,0.4,0.031423993
2022-05-23,0.117458895,0.4,0.017938448,0.028060393,0.4,0.036542267
2022-05-24,0.13030824,0.4,0.022995759,0.019632546,0.4,0.027063455
2022-05-25,0.1263093,0.4,0.02236517,0.022965131,0.4,0.028360398
2022-05-26,0.1324508,0.4,0.019964535,0.017286543,0.4,0.030298121
2022-05-27,0.12926757,0.4,0.020716634,0.017599782,0.4,0.03241601
2022-05-31,0.14029779,0.4,0.016660355,0.015471577,0.4,0.02757028
2022-06-01,0.14846338,0.4,0.012591091,0.0133669535,0.4,0.025578577
2022-06-02,0.15740822,0.4,0.010264801,0.010435192,0.39527145,0.026620328
2022-06-03,0.2781226,0.4,0.010191564,0.012333907,0.2822439,0.017108025
2022-06-06,0.4,0.4,0.0131612765,0.011406887,0.15498103,0.020450804
2022-06-07,0.4,0.4,0.029524636,0.021886587,0.13317108,0.015417698
2022-06-08,0.4,0.4,0.0395355,0.029330034,0.11970118,0.011433286
2022-06-09,0.4,0.4,0.04172248,0.027542239,0.11434356,0.016391717
2022-06-10,0.4,0.4,0.051743153,0.03174131,0.100622155,0.015893385
2022-06-13,0.4,0.4,0.049995124,0.031192668,0.098728426,0.020083783
2022-06-14,0.4,0.4,0.035401747,0.03070985,0.10585631,0.0280321
2022-06-15,0.4,0.4,0.043085318,0.04253688,0.097673565,0.016704237
2022-06-16,0.4,0.4,0.029718831,0.02574508,0.11155711,0.032978974
2022-06-17,0.4,0.4,0.036336027,0.025523717,0.103923544,0.034216717
2022-06-21,0.4,0.4,0.028043913,0.023546476,0.111477666,0.036931947
2022-06-22,0.4,0.4,0.023074823,0.011659894,0.1325292,0.032736085
2022-06-23,0.34960315,0.4,0.025033675,0.019417748,0.16700763,0.038937803
2022-06-24,0.28534487,0.4,0.02904625,0.016947463,0.22433317,0.044328246
2022-06-27,0.19114326,0.4,0.023814417,0.019922843,0.3303913,0.03472819
2022-06-28,0.12109287,0.4,0.023112647,0.020243078,0.4,0.0355514
2022-06-29,0.11292287,0.4,0.024741147,0.020839509,0.4,0.041496474
2022-06-30,0.22350204,0.4,0.020346344,0.019322876,0.31034493,0.026483806
2022-07-01,0.20604154,0.4,0.02148183,0.01839579,0.30806085,0.046019983
2022-07-05,0.16315371,0.4,0.02214566,0.018828202,0.35148528,0.04438715
2022-07-06,0.15148364,0.4,0.018527927,0.019833008,0.36554906,0.044606384
2022-07-07,0.15255447,0.4,0.015110797,0.01792072,0.37529507,0.039118934
2022-07-08,0.16313426,0.4,0.014970397,0.016705804,0.3715525,0.033637047
2022-07-11,0.21860391,0.4,0.014699664,0.015819706,0.3161431,0.03473362
2022-07-12,0.38307384,0.4,0.016720932,0.012014271,0.15096918,0.03722178
2022-07-13,0.4,0.4,0.036827784,0.030288013,0.09979868,0.033085525
2022-07-14,0.4,0.4,0.061686125,0.029929763,0.081862494,0.02652162
2022-07-15,0.4,0.4,0.07542179,0.0352101,0.05824943,0.031118684
2022-07-18,0.4,0.4,0.074960716,0.0455049,0.0627404,0.016793985
2022-07-19,0.4,0.4,0.09064878,0.030976115,0.05297507,0.025400035
2022-07-20,0.4,0.4,0.07247581,0.038927864,0.070769615,0.01782671
2022-07-21,0.4,0.4,0.047058776,0.04277396,0.098206915,0.011960352
2022-07-22,0.4,0.4,0.05180342,0.047333498,0.093230985,0.0076320963
2022-07-25,0.4,0.4,0.05138214,0.047471397,0.09162512,0.009521349
2022-07-26,0.4,0.4,0.039181985,0.04586342,0.09785367,0.017100925
2022-07-27,0.4,0.4,0.051452443,0.0452735,0.09060914,0.012664916
2022-07-28,0.4,0.4,0.0530977,0.025887275,0.1043214,0.016693631
2022-07-29,0.4,0.4,0.0396514,0.023437578,0.11503762,0.021873401
2022-08-01,0.4,0.4,0.04269089,0.026030276,0.11583007,0.015448759
2022-08-02,0.4,0.4,0.041561224,0.025259132,0.10631037,0.026869273
2022-08-03,0.4,0.4,0.031736173,0.020465685,0.10779076,0.040007383
2022-08-04,0.4,0.4,0.035054058,0.02793286,0.11261553,0.024397552
2022-08-05,0.4,0.4,0.04149411,0.033155546,0.10402226,0.021328092
2022-08-08,0.4,0.4,0.051626287,0.03388095,0.0951795,0.019313265
2022-08-09,0.4,0.4,0.05369816,0.032907717,0.092668965,0.02072516
2022-08-10,0.4,0.4,0.05525132,0.030025264,0.09520251,0.019520903
2022-08-11,0.4,0.4,0.05594136,0.0289902,0.09715465,0.017913792
2022-08-12,0.4,0.4,0.06493189,0.025699627,0.09352191,0.015846577
2022-08-15,0.4,0.4,0.0607686,0.026696034,0.09839989,0.0141354725
2022-08-16,0.4,0.4,0.05547461,0.02301687,0.109099835,0.012408681
2022-08-17,0.4,0.4,0.05612635,0.027679538,0.10164442,0.014549696
2022-08-18,0.4,0.4,0.05666445,0.029687164,0.09580484,0.017843544
2022-08-19,0.4,0.4,0.0774176,0.031180885,0.07316078,0.01824074
2022-08-22,0.4,0.4,0.06673793,0.038653087,0.076306626,0.018302359
2022-08-23,0.4,0.4,0.059578553,0.028013464,0.07622851,0.036179475
2022-08-24,0.4,0.4,0.06385515,0.023673408,0.07623284,0.036238596
2022-08-25,0.4,0.38382834,0.06285542,0.02976422,0.06319422,0.060357783
2022-08-26,0.4,0.4,0.06845627,0.023050645,0.056417316,0.05207577
2022-08-29,0.4,0.4,0.061482873,0.022980813,0.064502016,0.051034294
2022-08-30,0.4,0.39599353,0.051769875,0.018880095,0.08142956,0.05192692
2022-08-31,0.4,0.39236245,0.039598472,0.019623369,0.099722005,0.04869372
2022-09-01,0.4,0.38895503,0.039001808,0.021473005,0.10475637,0.045813784
2022-09-02,0.30863932,0.4,0.038796272,0.03631106,0.1629835,0.053269833
2022-09-06,0.30852655,0.4,0.043130673,0.024935821,0.17074047,0.052666485
2022-09-07,0.2785732,0.4,0.039452817,0.025666587,0.20555119,0.05075623
2022-09-08,0.22946224,0.4,0.037782375,0.024519907,0.26213557,0.046099912
2022-09-09,0.16988182,0.4,0.046369597,0.021030458,0.32746148,0.035256658
2022-09-12,0.07783881,0.4,0.028045587,0.049494617,0.4,0.04462099
2022-09-13,0.091156065,0.4,0.037558313,0.041753255,0.4,0.029532362
2022-09-14,0.11845697,0.4,0.02227084,0.02233545,0.4,0.036936745
2022-09-15,0.08745382,0.4,0.022890218,0.049101185,0.4,0.04055478
2022-09-16,0.11046577,0.4,0.02570711,0.03436527,0.4,0.029461842
2022-09-19,0.08342855,0.4,0.03738705,0.03838321,0.4,0.040801194
2022-09-20,0.07096397,0.4,0.040919445,0.040826816,0.4,0.04728977
2022-09-21,0.07802991,0.4,0.034125768,0.038534246,0.4,0.049310077
2022-09-22,0.08286588,0.4,0.029005,0.040288467,0.4,0.04784066
2022-09-23,0.084703505,0.4,0.031136326,0.04245236,0.4,0.041707814
2022-09-26,0.049725194,0.4,0.027317375,0.08149478,0.4,0.041462656
2022-09-27,0.05661221,0.4,0.03050147,0.0740146,0.4,0.038871724
2022-09-28,0.06407294,0.4,0.031117732,0.06364082,0.4,0.04116852
2022-09-29,0.07135791,0.4,0.03740424,0.05665314,0.4,0.034584712
2022-09-30,0.08920551,0.4,0.03167737,0.0466333,0.4,0.03248382
2022-10-03,0.0959871,0.4,0.027853142,0.043152515,0.4,0.033007246
2022-10-04,0.11247742,0.4,0.02582605,0.034643,0.4,0.027053528
2022-10-05,0.08022183,0.4,0.0369043,0.05921159,0.4,0.023662273
2022-10-06,0.119311206,0.4,0.023723297,0.03494624,0.4,0.022019256
2022-10-07,0.14458902,0.4,0.013383098,0.017783359,0.4,0.024244515
2022-10-10,0.14892025,0.4,0.010136428,0.014953469,0.4,0.025989855
2022-10-11,0.14797214,0.4,0.009185562,0.014633137,0.4,0.028209167
2022-10-12,0.13247412,0.4,0.013637731,0.01928203,0.4,0.03460611
2022-10-13,0.13357966,0.4,0.014185681,0.019974146,0.4,0.032260515
2022-10-14,0.1321376,0.4,0.017372826,0.022189172,0.4,0.028300399
2022-10-17,0.20383613,0.4,0.013133155,0.018334528,0.34546068,0.019235509
2022-10-18,0.22001371,0.4,0.014637794,0.010452638,0.32467583,0.030220034
2022-10-19,0.2575171,0.39034557,0.014699168,0.0112393815,0.29815146,0.028047297
2022-10-20,0.32171616,0.38734508,0.019126445,0.012110213,0.22396377,0.03573835
2022-10-21,0.4,0.4,0.023440832,0.013586544,0.13591848,0.027054138
2022-10-24,0.4,0.4,0.028832031,0.01365777,0.11624716,0.041263036
2022-10-25,0.4,0.4,0.04176537,0.023694577,0.114851505,0.01968855
2022-10-26,0.4,0.4,0.048638154,0.030196736,0.10248432,0.018680787
2022-10-27,0.4,0.4,0.04952797,0.03413439,0.09815772,0.018179914
2022-10-28,0.4,0.4,0.053866897,0.032015912,0.092213705,0.021903483
2022-10-31,0.4,0.4,0.04160003,0.029648915,0.10323617,0.025514886
2022-11-01,0.4,0.4,0.054212365,0.049448792,0.083272055,0.013066788
2022-11-02,0.4,0.4,0.058446538,0.045191903,0.0796233,0.016738266
2022-11-03,0.4,0.4,0.051884394,0.040272776,0.086589016,0.021253813
2022-11-04,0.4,0.4,0.043059837,0.02984221,0.103673875,0.023424078
2022-11-07,0.37749317,0.4,0.036505677,0.025560496,0.13393514,0.026505522
2022-11-08,0.33823007,0.4,0.030008506,0.026903074,0.18724021,0.017618135
2022-11-09,0.23062263,0.4,0.02910034,0.017909048,0.3035551,0.018812886
2022-11-10,0.1182644,0.4,0.021163044,0.041903723,0.4,0.018668829
2022-11-11,0.097760975,0.4,0.02535513,0.065921806,0.4,0.0109620895
2022-11-14,0.11984466,0.4,0.019052,0.04828859,0.4,0.012814746
2022-11-15,0.12198551,0.4,0.018608453,0.04658437,0.4,0.012821669
2022-11-16,0.12010374,0.4,0.018467158,0.047874827,0.4,0.013554275
2022-11-17,0.122176096,0.4,0.017996818,0.047468964,0.4,0.012358121
2022-11-18,0.09866002,0.4,0.023944339,0.062133897,0.4,0.015261744
2022-11-21,0.086707845,0.4,0.026888965,0.072524145,0.4,0.013879043
2022-11-22,0.07775697,0.4,0.030055935,0.078269534,0.4,0.013917561
2022-11-23,0.058131583,0.4,0.03844407,0.08574105,0.4,0.017683296
2022-11-25,0.06361139,0.4,0.03411664,0.0891901,0.4,0.013081864
2022-11-28,0.05414236,0.4,0.038840905,0.09097963,0.4,0.016037108
2022-11-29,0.050261244,0.4,0.038065247,0.09738522,0.4,0.0142882895
2022-11-30,0.06132895,0.4,0.039855227,0.08417216,0.4,0.014643663
2022-12-01,0.06108962,0.4,0.03984021,0.085276365,0.4,0.013793805
2022-12-02,0.08394008,0.4,0.032032654,0.073413014,0.4,0.010614255
2022-12-05,0.035189584,0.4,0.02304438,0.12707746,0.4,0.014688577
2022-12-06,0.04861347,0.4,0.028450595,0.11024003,0.4,0.012695908
2022-12-07,0.065221496,0.4,0.027092438,0.09265459,0.4,0.015031473
2022-12-08,0.058019638,0.4,0.028132388,0.10253747,0.4,0.011310502
2022-12-09,0.040491186,0.4,0.029476954,0.11865019,0.4,0.011381667
2022-12-12,0.063849136,0.4,0.028861232,0.095398486,0.4,0.011891141
2022-12-13,0.056230318,0.4,0.031751815,0.100300245,0.4,0.01171762
2022-12-14,0.05425922,0.4,0.03195332,0.10232835,0.4,0.011459107
2022-12-15,0.072990134,0.4,0.030922161,0.08235776,0.4,0.013729944
2022-12-16,0.09977837,0.4,0.029293912,0.055884887,0.4,0.015042831
2022-12-19,0.09461006,0.4,0.02630029,0.06433697,0.4,0.014752682
2022-12-20,0.07569967,0.4,0.027045757,0.08415765,0.4,0.013096912
2022-12-21,0.10244602,0.4,0.030195601,0.051544785,0.4,0.015813593
2022-12-22,0.054623574,0.4,0.034567937,0.10095222,0.4,0.00985627
2022-12-23,0.067148566,0.4,0.023154076,0.09293535,0.4,0.016762005
2022-12-27,0.13052605,0.4,0.022325242,0.034595117,0.4,0.0125535885
2022-12-28,0.12978797,0.4,0.019464547,0.03856459,0.4,0.012182902
2022-12-29,0.11638479,0.4,0.022972098,0.041999225,0.4,0.01864389
2022-12-30,0.12856586,0.4,0.021230867,0.02967935,0.4,0.020523913
2023-01-03,0.13148133,0.4,0.01961883,0.030160118,0.4,0.018739715
2023-01-04,0.12808365,0.4,0.021836728,0.029699631,0.4,0.020379996
2023-01-05,0.101976566,0.4,0.02370293,0.05392411,0.4,0.02039639
2023-01-06,0.10334428,0.4,0.030363638,0.041784808,0.4,0.02450728
2023-01-09,0.09537723,0.4,0.03249287,0.047619786,0.4,0.024510115
2023-01-10,0.11767528,0.4,0.02149999,0.033249836,0.4,0.027574891
2023-01-11,0.14297879,0.39451605,0.015652094,0.024117213,0.4,0.02273586
2023-01-12,0.17442028,0.3745346,0.011976961,0.019736178,0.4,0.019331977
2023-01-13,0.2740888,0.35586902,0.010430856,0.01596198,0.32705435,0.016594993
2023-01-17,0.4,0.4,0.013072614,0.018995792,0.15799257,0.009939024
2023-01-18,0.4,0.4,0.038093258,0.035360947,0.11788769,0.008658105
2023-01-19,0.4,0.4,0.04778479,0.04754993,0.09535995,0.009305326
2023-01-20,0.4,0.4,0.05680008,0.052503176,0.079367064,0.011329682
2023-01-23,0.4,0.4,0.06127388,0.05146999,0.07372362,0.013532508
2023-01-24,0.4,0.4,0.05696474,0.056651924,0.074939825,0.011443517
2023-01-25,0.4,0.4,0.055058043,0.055324882,0.07931895,0.010298126
2023-01-26,0.4,0.4,0.050490152,0.052572135,0.085641414,0.011296296
2023-01-27,0.4,0.4,0.048682522,0.042729158,0.09635539,0.012232924
2023-01-30,0.4,0.4,0.037904214,0.066410094,0.08135506,0.014330631
2023-01-31,0.4,0.4,0.06188013,0.06381865,0.05895224,0.015348984
2023-02-01,0.4,0.4,0.061778348,0.044664856,0.08231843,0.01123836
2023-02-02,0.4,0.4,0.062177684,0.042358734,0.08058764,0.01487594
2023-02-03,0.4,0.4,0.05890653,0.043825388,0.08094311,0.016324969
2023-02-06,0.4,0.4,0.065712735,0.051658075,0.07115137,0.011477817
2023-02-07,0.4,0.4,0.07386287,0.045270413,0.06771824,0.013148474
2023-02-08,0.4,0.4,0.07920693,0.0373811,0.06956153,0.013850439
2023-02-09,0.4,0.4,0.08125116,0.034761652,0.06927282,0.014714361
2023-02-10,0.4,0.4,0.093850054,0.028686907,0.060885746,0.016577292
2023-02-13,0.4,0.4,0.08547226,0.02923951,0.06659184,0.018696388
2023-02-14,0.4,0.4,0.0754989,0.03178448,0.076689646,0.016026976
2023-02-15,0.4,0.4,0.07643042,0.031212255,0.072579496,0.019777827
2023-02-16,0.4,0.4,0.08095268,0.0379067,0.06930838,0.011832242
2023-02-17,0.4,0.4,0.07093992,0.034813643,0.0739616,0.020284839
2023-02-21,0.4,0.4,0.06396296,0.035626464,0.073956005,0.026454568
2023-02-22,0.4,0.4,0.08799548,0.041889075,0.05382712,0.016288323
2023-02-23,0.4,0.4,0.041239846,0.08739367,0.045371227,0.025995256
2023-02-24,0.4,0.4,0.06197742,0.038172394,0.06292104,0.036929145
2023-02-27,0.4,0.4,0.066762656,0.027917765,0.068012364,0.03730721
2023-02-28,0.4,0.4,0.06444773,0.024241408,0.06731827,0.043992598
2023-03-01,0.4,0.4,0.065808885,0.022727963,0.076142035,0.035321116
2023-03-02,0.4,0.38837755,0.063907705,0.020790964,0.0956089,0.031314883
2023-03-03,0.4,0.37528184,0.06000044,0.01900045,0.10510087,0.040616397
2023-03-06,0.4,0.39415509,0.04853502,0.019363051,0.10455211,0.033394728
2023-03-07,0.4,0.4,0.049022164,0.02239129,0.090785295,0.03780125
2023-03-08,0.4,0.4,0.055113245,0.02891237,0.08273584,0.03323855
2023-03-09,0.4,0.4,0.061940454,0.036644183,0.07273965,0.028675705
2023-03-10,0.4,0.4,0.067576386,0.037794486,0.061561123,0.033068012
2023-03-13,0.4,0.4,0.07136251,0.039860472,0.059899822,0.028877197
2023-03-14,0.4,0.4,0.0594087,0.032536183,0.061827365,0.046227753
2023-03-15,0.4,0.4,0.07030336,0.033428974,0.057089847,0.03917782
2023-03-16,0.4,0.4,0.07463195,0.042069644,0.05970258,0.023595825
2023-03-17,0.4,0.4,0.06924493,0.035237074,0.06979652,0.025721475
2023-03-20,0.4,0.4,0.07260312,0.03597095,0.06471375,0.026712181
2023-03-21,0.4,0.4,0.07588285,0.034928877,0.06182644,0.02736183
2023-03-22,0.4,0.4,0.08925813,0.03374855,0.047839608,0.029153712
2023-03-23,0.4,0.4,0.123223886,0.02112984,0.031124396,0.024521882
2023-03-24,0.4,0.4,0.10252894,0.027036952,0.037216634,0.03321748
2023-03-27,0.4,0.4,0.07453578,0.020090675,0.040632118,0.064741425
2023-03-28,0.4,0.4,0.09560739,0.025940249,0.042412013,0.03604035
2023-03-29,0.4,0.4,0.10870921,0.03591025,0.037318017,0.018062526
2023-03-30,0.4,0.4,0.104557194,0.0288682,0.041404665,0.02516994
2023-03-31,0.4,0.4,0.07773349,0.01735203,0.037081145,0.06783334
2023-04-03,0.4,0.4,0.09364019,0.022259135,0.03987486,0.044225812
2023-04-04,0.4,0.4,0.102400735,0.020766055,0.03632733,0.040505882
2023-04-05,0.4,0.4,0.09434595,0.017409028,0.030915005,0.05733002
2023-04-06,0.4,0.4,0.07274047,0.015675455,0.04975278,0.061831295
2023-04-10,0.4,0.4,0.08741265,0.023651853,0.049432684,0.039502814
2023-04-11,0.4,0.4,0.08290367,0.016653419,0.050335374,0.05010754
2023-04-12,0.39946327,0.4,0.0645504,0.012927745,0.052463602,0.07059498
2023-04-13,0.4,0.4,0.08545026,0.011876918,0.053676877,0.048995942
2023-04-14,0.377299,0.4,0.06414498,0.012689402,0.06913151,0.07673511
2023-04-17,0.4,0.39146632,0.06558355,0.017742837,0.077362694,0.04784459
2023-04-18,0.4,0.34483096,0.06483359,0.024228163,0.11810553,0.04800176
2023-04-19,0.4,0.33758202,0.10006424,0.028257212,0.09972924,0.03436729
2023-04-20,0.4,0.3612672,0.09780789,0.026336124,0.08315755,0.031431224
2023-04-21,0.4,0.33895415,0.11494944,0.03384317,0.08063263,0.031620596
2023-04-24,0.4,0.3254767,0.13231744,0.031828586,0.07585143,0.034525838
2023-04-25,0.4,0.26104465,0.16917811,0.040150605,0.088701665,0.040924966
2023-04-26,0.4,0.20145263,0.19429475,0.037634112,0.101413615,0.06520489
2023-04-27,0.4,0.17359431,0.19295909,0.02279124,0.13045959,0.08019578
2023-04-28,0.4,0.26944953,0.098700345,0.017838977,0.14675984,0.06725131
2023-05-01,0.37747154,0.4,0.036033645,0.014832559,0.13271788,0.03894438
2023-05-02,0.4,0.4,0.027334267,0.0214554,0.12925358,0.02195675
2023-05-03,0.4,0.4,0.034573317,0.015379717,0.12921159,0.02083538
2023-05-04,0.4,0.4,0.03199448,0.020163326,0.122065336,0.025776861
2023-05-05,0.4,0.4,0.035134207,0.023457993,0.116936855,0.024470946
2023-05-08,0.4,0.4,0.029139133,0.023323912,0.12497801,0.022558946
2023-05-09,0.4,0.4,0.030662037,0.0279531,0.1204487,0.02093616
2023-05-10,0.4,0.4,0.033033617,0.02886532,0.11810965,0.019991413
2023-05-11,0.4,0.4,0.020568332,0.025664547,0.11596911,0.037798014
2023-05-12,0.4,0.4,0.02920481,0.032119267,0.1203265,0.018349424
2023-05-15,0.4,0.4,0.030839063,0.03144336,0.11663174,0.021085836
2023-05-16,0.4,0.4,0.03273744,0.031835552,0.11457547,0.02085154
2023-05-17,0.4,0.4,0.030576525,0.03137059,0.11795182,0.020101065
2023-05-18,0.4,0.4,0.032947127,0.02498882,0.11958052,0.022483528
2023-05-19,0.4,0.4,0.04355157,0.02847496,0.112060666,0.015912803
2023-05-22,0.4,0.4,0.04757627,0.03668585,0.10623637,0.009501513
2023-05-23,0.4,0.4,0.046676412,0.027597064,0.10781392,0.017912606
2023-05-24,0.4,0.4,0.040095095,0.01920313,0.10646898,0.03423279
2023-05-25,0.4,0.4,0.04518103,0.023962531,0.10790675,0.02294969
2023-05-26,0.4,0.4,0.049930196,0.026696637,0.10183883,0.021534339
2023-05-30,0.4,0.4,0.04869375,0.028471071,0.10684312,0.015992057
2023-05-31,0.4,0.4,0.042624664,0.024480151,0.10125358,0.03164161
2023-06-01,0.4,0.4,0.044934224,0.032144766,0.099246144,0.023674866
2023-06-02,0.4,0.4,0.05882512,0.03857833,0.086175665,0.016420886
2023-06-05,0.4,0.4,0.066456,0.038202036,0.080045834,0.015296133
2023-06-06,0.4,0.4,0.075256936,0.03204361,0.068935424,0.023764033
2023-06-07,0.4,0.4,0.08436462,0.029810645,0.057954315,0.027870417
2023-06-08,0.4,0.4,0.083313935,0.028555265,0.05840667,0.029724132
2023-06-09,0.4,0.4,0.07718689,0.028789038,0.054713406,0.039310664
2023-06-12,0.4,0.4,0.09399049,0.02751295,0.033961378,0.04453518
2023-06-13,0.4,0.4,0.09463571,0.031194644,0.03563327,0.038536374
2023-06-14,0.4,0.4,0.0911067,0.028368346,0.039192677,0.041332275
2023-06-15,0.3840045,0.4,0.08171282,0.02947636,0.051899493,0.052906826
2023-06-16,0.3776529,0.4,0.08215134,0.03558828,0.06863632,0.035971146
2023-06-20,0.37316802,0.4,0.07488801,0.039870452,0.08299911,0.029074395
2023-06-21,0.3882964,0.4,0.06176211,0.03685928,0.080952525,0.03212968
2023-06-22,0.3712642,0.4,0.07286919,0.038873557,0.082058355,0.034934703
2023-06-23,0.2543705,0.4,0.078480385,0.06050327,0.15893902,0.047706813
2023-06-26,0.19784987,0.4,0.097628295,0.06398118,0.19236326,0.048177388
2023-06-27,0.24255651,0.4,0.09281896,0.069145694,0.15562777,0.03985107
2023-06-28,0.2289904,0.4,0.09539293,0.07303044,0.14986557,0.05272066
2023-06-29,0.23704222,0.4,0.087215394,0.07630762,0.1503179,0.04911686
2023-06-30,0.13438758,0.4,0.080863915,0.08290253,0.24232991,0.059516065
2023-07-03,0.10497785,0.4,0.051223237,0.08289485,0.32739568,0.03350837
2023-07-05,0.059691597,0.4,0.032590467,0.06801917,0.4,0.039698772
2023-07-06,0.097676374,0.4,0.02597246,0.046522353,0.4,0.029828811
2023-07-07,0.12250932,0.4,0.020448197,0.03442186,0.38971418,0.03290642
2023-07-10,0.21890874,0.36491868,0.021011408,0.030147256,0.33614075,0.028873174
2023-07-11,0.2626438,0.2542451,0.029995061,0.028881451,0.3815085,0.042726055
2023-07-12,0.36617944,0.1501576,0.032905847,0.026548056,0.39136523,0.032843832
2023-07-13,0.4,0.12888587,0.040361956,0.02385382,0.37823004,0.028668331
2023-07-14,0.4,0.15067583,0.03234454,0.021884508,0.37657726,0.01851788
2023-07-17,0.4,0.20962518,0.020473495,0.032752078,0.31760836,0.019540884
2023-07-18,0.4,0.2294264,0.03003936,0.028393555,0.29337054,0.018770143
2023-07-19,0.4,0.28811398,0.026378259,0.029616889,0.23658262,0.019308262
2023-07-20,0.4,0.39440525,0.026307045,0.02353157,0.14008842,0.015667718
2023-07-21,0.22887634,0.4,0.032705564,0.042658325,0.27978593,0.015973836
2023-07-24,0.10153546,0.4,0.037930626,0.04029651,0.4,0.0202374
2023-07-25,0.051203124,0.4,0.051829297,0.07921783,0.4,0.017749755
2023-07-26,0.034748968,0.4,0.051651467,0.0951109,0.4,0.018488662
2023-07-27,0.026768375,0.4,0.044523142,0.10978595,0.4,0.018922528
2023-07-28,0.038328547,0.4,0.043642275,0.09834577,0.4,0.019683408
2023-07-31,0.036031123,0.4,0.04519134,0.09447039,0.4,0.024307149
2023-08-01,0.044161905,0.4,0.041433804,0.08491373,0.4,0.029490562
2023-08-02,0.050293457,0.4,0.038122162,0.08431666,0.4,0.027267715
2023-08-03,0.049805842,0.4,0.03779734,0.08674644,0.4,0.02565038
2023-08-04,0.060420714,0.4,0.03715447,0.08225023,0.4,0.020174585
2023-08-07,0.049039476,0.4,0.040850427,0.09192289,0.4,0.018187214
2023-08-08,0.043739706,0.4,0.04608413,0.09599996,0.4,0.014176198
2023-08-09,0.033862595,0.4,0.04657892,0.10407373,0.4,0.015484749
2023-08-10,0.02618723,0.4,0.043557882,0.11402111,0.4,0.016233778
2023-08-11,0.032732718,0.4,0.040291853,0.11168533,0.4,0.015290097
2023-08-14,0.030261276,0.4,0.036564954,0.121880755,0.4,0.011293017
2023-08-15,0.02592924,0.4,0.032664526,0.13020846,0.4,0.011197772
2023-08-16,0.041445427,0.4,0.031835787,0.112076536,0.4,0.014642252
2023-08-17,0.045922555,0.4,0.029414749,0.11047479,0.4,0.014187905
2023-08-18,0.050741505,0.4,0.03368686,0.099431574,0.4,0.016140062
2023-08-21,0.049023706,0.4,0.036654312,0.092475764,0.4,0.021846218
2023-08-22,0.09251197,0.4,0.02465566,0.065515496,0.4,0.017316869
2023-08-23,0.12146803,0.4,0.017693467,0.039073143,0.4,0.021765362
2023-08-24,0.13143438,0.4,0.014444066,0.030143948,0.4,0.023977606
2023-08-25,0.17192397,0.4,0.01027285,0.018456105,0.37951037,0.019836698
2023-08-28,0.14255987,0.4,0.013319814,0.023150327,0.4,0.02096999
2023-08-29,0.14586978,0.4,0.012116797,0.020928532,0.4,0.021084886
2023-08-30,0.13842306,0.4,0.013192918,0.02358713,0.4,0.024796898
2023-08-31,0.21590242,0.4,0.011895741,0.023036465,0.33013168,0.019033683
2023-09-01,0.4,0.4,0.012690897,0.020885589,0.14744766,0.018975854
2023-09-05,0.4,0.4,0.041739706,0.04234562,0.100395955,0.01551872
2023-09-06,0.4,0.4,0.048172425,0.04612412,0.09101458,0.0146888755
2023-09-07,0.4,0.4,0.08337207,0.03196185,0.07726576,0.0074003106
2023-09-08,0.4,0.4,0.05902816,0.033145893,0.094112895,0.013713051
2023-09-11,0.4,0.4,0.046634473,0.024590392,0.10738825,0.021386886
2023-09-12,0.4,0.4,0.035462752,0.0209492,0.12325045,0.0203376
2023-09-13,0.4,0.4,0.033486415,0.017933602,0.12757449,0.021005495
2023-09-14,0.4,0.4,0.03191029,0.01419953,0.1289545,0.02493568
2023-09-15,0.4,0.4,0.031366825,0.012269023,0.13118689,0.02517727
2023-09-18,0.4,0.4,0.04151825,0.015181948,0.11602742,0.027272377
2023-09-19,0.4,0.4,0.04964527,0.015604231,0.10014679,0.0346037
2023-09-20,0.4,0.4,0.06522444,0.018409947,0.07806612,0.038299497
2023-09-21,0.4,0.4,0.07746947,0.017979948,0.06348029,0.041070294
2023-09-22,0.4,0.30651566,0.101980045,0.019159598,0.076234475,0.096110225
2023-09-25,0.4,0.29185486,0.17378663,0.018039707,0.064418234,0.051900577
2023-09-26,0.4,0.2827108,0.19905178,0.022307122,0.04670119,0.04922912
2023-09-27,0.4,0.2782667,0.20946114,0.022343539,0.038223248,0.05170538
2023-09-28,0.4,0.28652,0.20830606,0.021163527,0.043419544,0.040590875
2023-09-29,0.4,0.30968526,0.18443476,0.022696687,0.05235812,0.030825187
2023-10-02,0.4,0.35010317,0.14208171,0.022252077,0.047925778,0.03763727
2023-10-03,0.4,0.4,0.10043139,0.021470478,0.050263282,0.027834846
2023-10-04,0.4,0.4,0.0884737,0.026622174,0.057662226,0.0272419
2023-10-05,0.4,0.4,0.07721025,0.03890551,0.05356228,0.030321967
2023-10-06,0.4,0.4,0.0877003,0.033808578,0.05242284,0.026068285
2023-10-09,0.4,0.4,0.09722403,0.03340956,0.04843569,0.020930722
2023-10-10,0.4,0.4,0.11562525,0.026663577,0.036035378,0.021675797
2023-10-11,0.4,0.4,0.119685926,0.027779521,0.032192014,0.020342542
2023-10-12,0.4,0.4,0.11796819,0.029601615,0.032238305,0.020191891
2023-10-13,0.4,0.4,0.109478794,0.031419005,0.04357744,0.015524762
2023-10-16,0.4,0.4,0.1237793,0.034699555,0.03167718,0.009843972
2023-10-17,0.4,0.4,0.12342329,0.024965577,0.03304209,0.018569043
2023-10-18,0.4,0.37163672,0.12568422,0.019730667,0.041097265,0.041851122
2023-10-19,0.4,0.38779086,0.1467528,0.015139563,0.03339814,0.016918642
2023-10-20,0.4,0.4,0.116109885,0.017166646,0.041070346,0.02565312
2023-10-23,0.4,0.4,0.09770043,0.02366771,0.0573285,0.02130336
2023-10-24,0.4,0.4,0.08673885,0.025528045,0.06459459,0.023138518
2023-10-25,0.4,0.4,0.08151936,0.026732257,0.06847644,0.023271954
2023-10-26,0.4,0.4,0.07393958,0.02066812,0.081178494,0.024213815
2023-10-27,0.4,0.4,0.06758152,0.022099638,0.08722101,0.02309783
2023-10-30,0.4,0.4,0.062821224,0.022506855,0.08470059,0.029971328
2023-10-31,0.4,0.4,0.05685146,0.021231836,0.09675733,0.025159374
2023-11-01,0.4,0.4,0.0388042,0.014141484,0.09457269,0.05248162
2023-11-02,0.4,0.4,0.0506981,0.022597883,0.100713775,0.025990237
2023-11-03,0.4,0.4,0.046197373,0.025042554,0.10744044,0.021319631
2023-11-06,0.4,0.4,0.053204305,0.024099601,0.103591375,0.019104723
2023-11-07,0.4,0.4,0.09509334,0.02107174,0.07387846,0.009956458
2023-11-08,0.4,0.4,0.11943073,0.016870026,0.053150054,0.010549194
2023-11-09,0.4,0.4,0.12290165,0.021466255,0.036543746,0.01908835
2023-11-10,0.4,0.4,0.123756915,0.02846443,0.029815694,0.017962959
2023-11-13,0.4,0.4,0.12287782,0.030568156,0.031193972,0.015360053
2023-11-14,0.4,0.4,0.12069668,0.028637072,0.03417405,0.0164922
2023-11-15,0.4,0.4,0.119432375,0.028753923,0.03614988,0.015663821
2023-11-16,0.4,0.4,0.116761625,0.029454926,0.03633554,0.017447913
2023-11-17,0.4,0.4,0.104102485,0.040769946,0.034755908,0.020371662
2023-11-20,0.4,0.4,0.117680304,0.040388606,0.030120987,0.011810098
2023-11-21,0.4,0.4,0.10804148,0.032192323,0.037312854,0.022453345
2023-11-22,0.4,0.4,0.10376479,0.033210423,0.03808324,0.024941545
2023-11-24,0.4,0.4,0.105009034,0.03279477,0.03393671,0.028259488
2023-11-27,0.4,0.4,0.10615065,0.032387592,0.03542295,0.026038803
2023-11-28,0.4,0.4,0.11036746,0.030791355,0.030112907,0.028728273
2023-11-29,0.4,0.4,0.11407642,0.038965877,0.029876854,0.017080849
2023-11-30,0.4,0.4,0.104225904,0.034729,0.036270466,0.024774628
2023-12-01,0.39599,0.4,0.09803959,0.034412753,0.045078784,0.026478872
2023-12-04,0.33004186,0.4,0.11286218,0.05365503,0.07670983,0.02673112
2023-12-05,0.24452846,0.4,0.15760851,0.098377205,0.076750726,0.022735089
2023-12-06,0.13354355,0.4,0.14715883,0.17426497,0.10522508,0.039807566
2023-12-07,0.14332505,0.4,0.18913141,0.12983426,0.08903822,0.048671063
2023-12-08,0.17450245,0.4,0.21452539,0.10030374,0.05459293,0.056075506
2023-12-11,0.23471887,0.32925862,0.26499742,0.08249995,0.036346797,0.052178327
2023-12-12,0.2878519,0.25382158,0.31628615,0.06175344,0.03203584,0.04825109
2023-12-13,0.34585938,0.1527397,0.3771932,0.04951168,0.028191036,0.046504993
2023-12-14,0.4,0.113940336,0.4,0.028161166,0.016186308,0.041712187
2023-12-15,0.4,0.108136944,0.4,0.036904715,0.018917095,0.036041245
2023-12-18,0.4,0.09303363,0.4,0.04718139,0.024797114,0.03498787
2023-12-19,0.4,0.10181344,0.4,0.036263824,0.027458556,0.03446418
2023-12-20,0.4,0.11252608,0.4,0.026660234,0.024903297,0.035910387
2023-12-21,0.4,0.10838074,0.4,0.029499788,0.026365545,0.035753924
2023-12-22,0.4,0.13873242,0.37356517,0.020124499,0.03563585,0.03194207
2023-12-26,0.4,0.17664063,0.29349607,0.02479758,0.05767032,0.047395412
2023-12-27,0.39350682,0.28301126,0.17943661,0.025454836,0.079588056,0.039002407
2023-12-28,0.32108545,0.4,0.09510845,0.037051704,0.11837592,0.028378466
2023-12-29,0.23682646,0.4,0.060160547,0.05239967,0.23070544,0.019907871
2024-01-02,0.13097209,0.4,0.04082155,0.043875493,0.366576,0.017754892
2024-01-03,0.06120181,0.4,0.057981595,0.06692661,0.4,0.013889977
2024-01-04,0.033912282,0.4,0.062537774,0.088537425,0.4,0.015012513
2024-01-05,0.0337331,0.4,0.067169875,0.082276486,0.4,0.01682054
2024-01-08,0.028228505,0.4,0.0679171,0.08528763,0.4,0.018566765
2024-01-09,0.029987285,0.4,0.054425046,0.10011054,0.4,0.015477133
2024-01-10,0.036165614,0.4,0.048407137,0.10121479,0.4,0.0142124565
2024-01-11,0.035367034,0.4,0.044952653,0.10708963,0.4,0.012590679
2024-01-12,0.049027015,0.4,0.040958658,0.099382386,0.4,0.010631941
2024-01-16,0.04940077,0.4,0.041736864,0.098522484,0.4,0.010339882
2024-01-17,0.085069485,0.4,0.031837918,0.075166814,0.4,0.007925784
2024-01-18,0.08547712,0.4,0.03729073,0.06662786,0.4,0.010604285
2024-01-19,0.06336669,0.4,0.033456303,0.09332796,0.4,0.009849048
2024-01-22,0.054337725,0.4,0.030355876,0.10630402,0.4,0.009002377
2024-01-23,0.05519001,0.4,0.025358861,0.11097333,0.4,0.0084778005
2024-01-24,0.066598184,0.4,0.016419247,0.105719015,0.4,0.011263556
2024-01-25,0.17931014,0.4,0.024512155,0.069139555,0.31948712,0.0075510326
2024-01-26,0.1750692,0.4,0.024289085,0.044653703,0.34203818,0.013949837
2024-01-29,0.25354218,0.4,0.025515378,0.021009581,0.2872856,0.012647243
2024-01-30,0.31122074,0.4,0.020005193,0.025204068,0.23013768,0.013432318
2024-01-31,0.4,0.4,0.018290894,0.016262228,0.15340422,0.012042664
2024-02-01,0.4,0.4,0.022544635,0.02088855,0.14504716,0.011519657
2024-02-02,0.4,0.4,0.025275944,0.020490399,0.13977754,0.01445611
2024-02-05,0.4,0.4,0.026666652,0.016314346,0.13506752,0.021951482
2024-02-06,0.4,0.4,0.034725636,0.025857348,0.12441976,0.014997254
2024-02-07,0.37045377,0.4,0.02105046,0.027638352,0.16418678,0.016670637
2024-02-08,0.4,0.4,0.027133904,0.022374993,0.1348977,0.015593404
2024-02-09,0.4,0.4,0.04215889,0.023628382,0.119395256,0.014817474
2024-02-12,0.4,0.4,0.046435382,0.028662927,0.11292881,0.011972887
2024-02-13,0.4,0.4,0.05093363,0.035804257,0.10466141,0.008600701
2024-02-14,0.4,0.4,0.052126747,0.029588703,0.09999029,0.018294254
2024-02-15,0.4,0.4,0.060205508,0.028583955,0.094887435,0.016323099
2024-02-16,0.4,0.4,0.06992103,0.03313472,0.08505068,0.011893563
2024-02-20,0.4,0.4,0.07345551,0.021899946,0.080085196,0.024559345
2024-02-21,0.4,0.4,0.07762282,0.019594017,0.071549885,0.031233279
2024-02-22,0.4,0.3734813,0.09802097,0.020517625,0.072422475,0.035557617
2024-02-23,0.38449168,0.37819105,0.11279631,0.016665565,0.069688044,0.038167343
2024-02-26,0.32353786,0.4,0.13008416,0.025582194,0.082863785,0.037932016
2024-02-27,0.30041835,0.4,0.14536458,0.026494136,0.08739449,0.040328447
2024-02-28,0.3338622,0.4,0.13556363,0.030903617,0.070177294,0.029493297
2024-02-29,0.37776953,0.4,0.11825876,0.030374805,0.05141014,0.022186775
2024-03-01,0.35581872,0.4,0.1309952,0.02517076,0.05820764,0.029807689
2024-03-04,0.31349692,0.4,0.140988,0.02783574,0.08768426,0.02999508
2024-03-05,0.35444817,0.4,0.13455077,0.018607778,0.06875984,0.023633445
2024-03-06,0.4,0.4,0.112144634,0.020517176,0.050707497,0.016630694
2024-03-07,0.4,0.4,0.11101769,0.016675401,0.048771422,0.02353549
2024-03-08,0.4,0.3289085,0.10188863,0.022595627,0.11551509,0.031092152
2024-03-11,0.3825925,0.34911463,0.09331796,0.019295089,0.11649519,0.039184608
2024-03-12,0.34325615,0.4,0.0817549,0.022743033,0.11882107,0.03342486
2024-03-13,0.2573481,0.4,0.092862144,0.036911383,0.18607047,0.026807899
2024-03-14,0.24477856,0.4,0.07680538,0.0327752,0.22540194,0.020238925
2024-03-15,0.26380712,0.4,0.04921083,0.022172805,0.24174611,0.023063125
2024-03-18,0.32764778,0.4,0.031289134,0.020095497,0.20446277,0.016504824
2024-03-19,0.4,0.4,0.046526715,0.010228234,0.13066624,0.012578815
2024-03-20,0.4,0.4,0.048264127,0.026240502,0.11320902,0.012286355
2024-03-21,0.4,0.4,0.05401371,0.033402875,0.101751514,0.0108319
2024-03-22,0.4,0.4,0.04322005,0.05246006,0.092386626,0.011933266
2024-03-25,0.4,0.4,0.06605555,0.037877496,0.0885162,0.0075507546
2024-03-26,0.4,0.4,0.085032485,0.021225935,0.082065634,0.011675945
2024-03-27,0.4,0.4,0.076493725,0.026293075,0.08313642,0.014076787
2024-03-28,0.4,0.4,0.06156167,0.03646269,0.08534646,0.01662918
2024-04-01,0.4,0.4,0.07688127,0.031166242,0.076365806,0.015586681
2024-04-02,0.4,0.4,0.09072467,0.02762743,0.06142097,0.020226926
2024-04-03,0.4,0.4,0.094767526,0.023499664,0.059426825,0.022305984
2024-04-04,0.4,0.4,0.12256945,0.021781793,0.03745906,0.018189697
2024-04-05,0.4,0.4,0.11756211,0.024276529,0.038241673,0.01991969
2024-04-08,0.4,0.4,0.11635002,0.024473386,0.041999295,0.0171773
2024-04-09,0.4,0.4,0.11368605,0.02828819,0.0459084,0.012117366
2024-04-10,0.4,0.4,0.12013687,0.017455995,0.04808087,0.014326268
2024-04-11,0.4,0.4,0.113474764,0.025432453,0.043392275,0.017700505
2024-04-12,0.4,0.4,0.10554223,0.035064854,0.043704603,0.015688313
2024-04-15,0.4,0.4,0.10280814,0.049774513,0.03140618,0.016011171
2024-04-16,0.4,0.4,0.11379171,0.053632207,0.019152986,0.013423096
2024-04-17,0.4,0.34395367,0.14481473,0.041130915,0.027456881,0.04264381
2024-04-18,0.4,0.35207808,0.16429357,0.03507176,0.022810541,0.025746059
2024-04-19,0.4,0.35728812,0.15845473,0.029468546,0.022014704,0.032773893
2024-04-22,0.4,0.4,0.12801753,0.029232781,0.02147961,0.021270072
2024-04-23,0.4,0.4,0.121891454,0.023869557,0.026382608,0.027856383
2024-04-24,0.4,0.39056125,0.11304347,0.021786593,0.03815935,0.036449324
2024-04-25,0.4,0.399892,0.11475492,0.020673484,0.032120634,0.032558966
2024-04-26,0.4,0.4,0.12502566,0.025509339,0.025234945,0.024230057
2024-04-29,0.4,0.35839352,0.1629629,0.029844986,0.026156297,0.022642292
2024-04-30,0.4,0.3329953,0.18921044,0.029847983,0.023079464,0.024866808
2024-05-01,0.4,0.2572288,0.25876656,0.034148097,0.015900293,0.033956256
2024-05-02,0.4,0.23595221,0.27362514,0.025232095,0.021354802,0.043835748
2024-05-03,0.4,0.20600548,0.30434266,0.024529299,0.01720229,0.047920257
2024-05-06,0.4,0.21010454,0.29439113,0.02644882,0.01786463,0.05119087
2024-05-07,0.4,0.24320853,0.276443,0.023222543,0.014640977,0.042484947
2024-05-08,0.4,0.3402833,0.18331087,0.021233555,0.0151718,0.040000472
2024-05-09,0.4,0.4,0.14292638,0.027282124,0.01374461,0.016046887
2024-05-10,0.4,0.4,0.11154587,0.033858813,0.032831945,0.021763371
2024-05-13,0.4,0.4,0.090689205,0.046169758,0.042211324,0.020929713
2024-05-14,0.4,0.4,0.091528215,0.039673362,0.046721034,0.02207739
2024-05-15,0.4,0.4,0.08415249,0.039179154,0.05674518,0.019923177
2024-05-16,0.37037316,0.4,0.06217536,0.048183125,0.09569724,0.0235711
2024-05-17,0.4,0.4,0.05952812,0.040999252,0.07922274,0.020249885
2024-05-20,0.4,0.4,0.07230079,0.052632067,0.063059315,0.012007818
2024-05-21,0.4,0.4,0.07987234,0.03834364,0.05448443,0.027299587
2024-05-22,0.4,0.4,0.06851633,0.04008992,0.067741096,0.023652656
2024-05-23,0.4,0.4,0.05972109,0.039062984,0.077931724,0.0232842
2024-05-24,0.4,0.4,0.074417904,0.034505766,0.06924901,0.02182732
2024-05-28,0.4,0.4,0.07287548,0.03998849,0.06682788,0.02030815
2024-05-29,0.4,0.4,0.07054037,0.038610127,0.07185079,0.018998714
2024-05-30,0.4,0.4,0.06720752,0.03501504,0.0812567,0.016520739
2024-05-31,0.4,0.4,0.048907876,0.047180794,0.087067895,0.016843433
2024-06-03,0.4,0.4,0.04317557,0.040808048,0.09613247,0.019883908
2024-06-04,0.4,0.4,0.05396913,0.051874656,0.07662185,0.01753436
2024-06-05,0.4,0.4,0.05972679,0.048043285,0.062738724,0.029491197
2024-06-06,0.4,0.4,0.057602443,0.047516417,0.06282282,0.032058317
2024-06-07,0.4,0.4,0.062389176,0.045811806,0.066384256,0.025414769
2024-06-10,0.4,0.4,0.0734582,0.03868229,0.06962603,0.018233472
2024-06-11,0.4,0.4,0.062025927,0.039440166,0.077177376,0.021356534
2024-06-12,0.4,0.4,0.045195572,0.047539294,0.08442548,0.02283965
2024-06-13,0.4,0.4,0.05164139,0.044970065,0.083866715,0.01952183
2024-06-14,0.4,0.4,0.04808659,0.07022072,0.07144411,0.010248585
2024-06-17,0.4,0.4,0.045259904,0.06469445,0.075815335,0.014230313
2024-06-18,0.4,0.4,0.045197736,0.06099591,0.07745212,0.016354231
2024-06-20,0.4,0.4,0.05235647,0.05399349,0.07734719,0.016302846
2024-06-21,0.4,0.4,0.055376068,0.03547955,0.08694877,0.022195615
2024-06-24,0.4,0.4,0.056942236,0.03049954,0.08802753,0.024530698
2024-06-25,0.4,0.4,0.06721506,0.024889776,0.08058636,0.0273088
2024-06-26,0.4,0.4,0.0688634,0.025047306,0.07538846,0.030700836
2024-06-27,0.4,0.4,0.0626526,0.026234964,0.081506886,0.029605545
2024-06-28,0.4,0.4,0.06704432,0.034401953,0.08067315,0.01788058
2024-07-01,0.4,0.4,0.054951113,0.028453115,0.09201703,0.02457874
2024-07-02,0.4,0.4,0.055634692,0.0361508,0.094474435,0.013740078
2024-07-03,0.4,0.4,0.0516363,0.033086196,0.098036475,0.017241025
2024-07-05,0.4,0.4,0.06078606,0.03234202,0.09087184,0.016000075
2024-07-08,0.4,0.4,0.029847415,0.062116664,0.08249439,0.025541529
2024-07-09,0.4,0.4,0.051749863,0.043828998,0.088587694,0.015833441
2024-07-10,0.4,0.4,0.05454758,0.04858401,0.07590205,0.020966355
2024-07-11,0.4,0.4,0.061786126,0.04864089,0.07122561,0.018347371
2024-07-12,0.4,0.4,0.06663685,0.035641894,0.061920933,0.03580032
2024-07-15,0.4,0.4,0.07948616,0.03586928,0.04594847,0.038696088
2024-07-16,0.4,0.4,0.08740352,0.037706055,0.036928277,0.037962146
2024-07-17,0.4,0.4,0.103386946,0.03199444,0.0370467,0.027571915
2024-07-18,0.3228756,0.4,0.12210837,0.048004106,0.066257484,0.040754467
2024-07-19,0.2890037,0.4,0.12471968,0.05739931,0.06587418,0.06300312
2024-07-22,0.22798422,0.4,0.13873845,0.06667101,0.09979567,0.066810645
2024-07-23,0.1909918,0.4,0.14468719,0.083543405,0.13378914,0.04698846
2024-07-24,0.16650459,0.4,0.12147596,0.08056526,0.17963494,0.05181923
2024-07-25,0.070669614,0.4,0.06631753,0.066880725,0.35679203,0.039340097
2024-07-26,0.04262731,0.4,0.07015866,0.060332287,0.4,0.026881743
2024-07-29,0.019968184,0.4,0.05032113,0.11048031,0.4,0.019230379
2024-07-30,0.022818306,0.4,0.04223592,0.11434721,0.4,0.020598566
2024-07-31,0.03247582,0.4,0.04154472,0.109472364,0.4,0.016507095
2024-08-01,0.031766713,0.4,0.036211215,0.11107208,0.4,0.020949993
2024-08-02,0.034716327,0.4,0.03264053,0.11319746,0.4,0.019445682
2024-08-05,0.02952757,0.4,0.029703844,0.119531035,0.4,0.021237548
2024-08-06,0.019740015,0.4,0.022983048,0.13112722,0.4,0.026149707
2024-08-07,0.052858736,0.4,0.039114848,0.087035105,0.4,0.02099131
2024-08-08,0.030341469,0.4,0.036918946,0.10560832,0.4,0.027131263
2024-08-09,0.040909152,0.4,0.032047316,0.10802906,0.4,0.019014472
2024-08-12,0.048077196,0.4,0.02796427,0.1066108,0.4,0.017347734
2024-08-13,0.062167592,0.4,0.024484457,0.09683763,0.4,0.016510317
2024-08-14,0.062147487,0.4,0.026010007,0.08758793,0.4,0.024254574
2024-08-15,0.10094577,0.4,0.019005379,0.06396547,0.4,0.016083384
2024-08-16,0.10525549,0.4,0.014237107,0.06412964,0.4,0.016377762
2024-08-19,0.12659357,0.4,0.013567982,0.04465784,0.4,0.015180606
2024-08-20,0.12527351,0.4,0.015425354,0.040102206,0.4,0.019198926
2024-08-21,0.18130267,0.4,0.009891635,0.030989088,0.36706927,0.010747323
2024-08-22,0.19524994,0.4,0.012425221,0.025665782,0.35160738,0.015051673
2024-08-23,0.11976714,0.4,0.016200695,0.049299434,0.4,0.014732735
2024-08-26,0.12020666,0.4,0.019361066,0.04515091,0.4,0.015281366
2024-08-27,0.092818245,0.4,0.026780406,0.06279741,0.4,0.017603936
2024-08-28,0.09016063,0.4,0.027063727,0.06539697,0.4,0.017378667
2024-08-29,0.08820066,0.4,0.025263723,0.071643956,0.4,0.014891659
2024-08-30,0.0828053,0.4,0.025361743,0.0771326,0.4,0.014700363
2024-09-03,0.06875531,0.4,0.028912127,0.08890892,0.4,0.013423649
2024-09-04,0.064950086,0.4,0.032298688,0.08674616,0.4,0.016005065
2024-09-05,0.057907537,0.4,0.037302505,0.08742473,0.4,0.017365225
2024-09-06,0.06386549,0.4,0.03522604,0.08060896,0.4,0.020299517
2024-09-09,0.068961486,0.4,0.035577543,0.0712017,0.4,0.024259275
2024-09-10,0.05295081,0.4,0.041736472,0.08665167,0.4,0.018661046
2024-09-11,0.045182124,0.4,0.036523215,0.100183606,0.4,0.018111052
2024-09-12,0.078324184,0.4,0.025467131,0.084958605,0.4,0.011250073
2024-09-13,0.07628538,0.4,0.034829333,0.074664615,0.4,0.014220674
2024-09-16,0.08026458,0.4,0.029624682,0.07663919,0.4,0.013471542
2024-09-17,0.08954329,0.4,0.029684633,0.07122183,0.4,0.009550249
2024-09-18,0.08816202,0.4,0.036300022,0.0637038,0.4,0.011834165
2024-09-19,0.08260847,0.4,0.03205381,0.0704454,0.4,0.0148923155
2024-09-20,0.108865336,0.4,0.021143982,0.0553477,0.4,0.014642981
2024-09-23,0.13467608,0.4,0.013694362,0.0366304,0.4,0.014999151
2024-09-24,0.15154377,0.4,0.010047311,0.02232017,0.4,0.016088756
2024-09-25,0.22532915,0.4,0.009435184,0.024054384,0.32809204,0.0130892545
2024-09-26,0.36284828,0.4,0.009245892,0.016911415,0.19323614,0.017758274
2024-09-27,0.4,0.4,0.020551804,0.028306916,0.1326037,0.018537575
2024-09-30,0.4,0.4,0.03159365,0.03326098,0.12046776,0.014677612
2024-10-01,0.4,0.4,0.035395764,0.040104296,0.11047449,0.014025449
2024-10-02,0.4,0.4,0.03236951,0.050024923,0.10075972,0.016845845
2024-10-03,0.4,0.4,0.03977986,0.037187416,0.10275653,0.020276189
2024-10-04,0.4,0.4,0.043432802,0.033694122,0.10160521,0.021267872
2024-10-07,0.4,0.4,0.05110455,0.033517748,0.096214,0.019163705
2024-10-08,0.4,0.4,0.061280515,0.031080302,0.08202656,0.025612619
2024-10-09,0.4,0.4,0.05730994,0.029970959,0.09000153,0.022717573
2024-10-10,0.4,0.4,0.0562424,0.029750131,0.0924702,0.021537272
2024-10-11,0.4,0.4,0.06358555,0.032853156,0.084317826,0.019243473
2024-10-14,0.4,0.4,0.06577388,0.031270534,0.08490889,0.018046698
2024-10-15,0.4,0.4,0.05009201,0.05133115,0.07557691,0.02299993
2024-10-16,0.4,0.4,0.07396927,0.033728197,0.07225169,0.020050846
2024-10-17,0.4,0.4,0.07691213,0.04005237,0.060753495,0.022282012
2024-10-18,0.4,0.4,0.06644016,0.04388686,0.06414936,0.025523627
2024-10-21,0.4,0.4,0.0865801,0.04281875,0.04685677,0.02374439
2024-10-22,0.4,0.4,0.104248956,0.04011984,0.032456942,0.023174258
2024-10-23,0.4,0.4,0.09875767,0.035961002,0.047076434,0.018204894
2024-10-24,0.4,0.4,0.086055785,0.03460196,0.0596384,0.019703852
2024-10-25,0.4,0.4,0.09112678,0.042855017,0.05186519,0.014153019
2024-10-28,0.4,0.4,0.081439644,0.03455915,0.06606182,0.01793939
2024-10-29,0.4,0.4,0.06861061,0.040643483,0.07887749,0.011868415
2024-10-30,0.4,0.4,0.05797544,0.0375265,0.08884508,0.015652983
2024-10-31,0.4,0.4,0.051099885,0.024208583,0.09644283,0.028248696
2024-11-01,0.4,0.4,0.04591447,0.03333691,0.103764065,0.016984548
2024-11-04,0.4,0.4,0.038563795,0.025517656,0.112835355,0.023083191
2024-11-05,0.4,0.4,0.04245421,0.019531658,0.10783775,0.030176379
2024-11-06,0.38361916,0.4,0.0419645,0.025594525,0.12355357,0.025268255
2024-11-07,0.4,0.4,0.05188694,0.028421085,0.109784335,0.009907638
2024-11-08,0.4,0.4,0.05241262,0.014771948,0.11920953,0.013605903
2024-11-11,0.4,0.4,0.043632284,0.022485847,0.11942691,0.014454958
2024-11-12,0.4,0.39286187,0.030597415,0.025124477,0.13689828,0.0145179555
2024-11-13,0.4,0.4,0.045848187,0.026528912,0.11636556,0.011257342
2024-11-14,0.4,0.4,0.05580761,0.03854469,0.09826601,0.007381692
2024-11-15,0.4,0.4,0.059196185,0.03747543,0.091532424,0.011795962
2024-11-18,0.4,0.4,0.05390129,0.03667425,0.097831935,0.011592525
2024-11-19,0.4,0.4,0.038137816,0.05556492,0.09005546,0.016241807
2024-11-20,0.4,0.4,0.060834374,0.047904275,0.07853956,0.012721791
2024-11-21,0.4,0.4,0.07496536,0.045526426,0.06538247,0.014125744
2024-11-22,0.4,0.4,0.07832025,0.042626236,0.06413593,0.01491758
2024-11-25,0.4,0.4,0.08128291,0.045572154,0.057729926,0.015415003
2024-11-26,0.4,0.4,0.08342926,0.062006913,0.044943962,0.009619862
2024-11-27,0.4,0.4,0.0878466,0.061221477,0.04067118,0.010260747
2024-11-29,0.4,0.4,0.06563242,0.06744115,0.0422683,0.024658138
2024-12-02,0.4,0.4,0.08770257,0.062277295,0.03503604,0.01498409
2024-12-03,0.4,0.4,0.098092675,0.053993892,0.030342609,0.017570823
2024-12-04,0.4,0.4,0.09973908,0.055840317,0.02782471,0.016595893
2024-12-05,0.4,0.4,0.08610848,0.075565234,0.029508889,0.008817397
2024-12-06,0.4,0.4,0.083030224,0.06615743,0.0379738,0.012838554
2024-12-09,0.4,0.4,0.07848434,0.065279074,0.04384357,0.012393015
2024-12-10,0.4,0.4,0.057679422,0.06282734,0.05426831,0.025224922
2024-12-11,0.4,0.4,0.057899833,0.058818545,0.05388615,0.029395472
2024-12-12,0.4,0.4,0.08613026,0.051010683,0.050246935,0.01261212
2024-12-13,0.4,0.4,0.07134158,0.067247376,0.046554703,0.014856338
2024-12-16,0.4,0.4,0.06932933,0.052903786,0.06403972,0.013727167
2024-12-17,0.4,0.4,0.070932776,0.07898221,0.03970553,0.010379487
2024-12-18,0.4,0.4,0.0578603,0.07706152,0.048497703,0.016580481
2024-12-19,0.4,0.4,0.070664436,0.07167342,0.03942383,0.018238313
2024-12-20,0.4,0.4,0.06687523,0.07156308,0.04170084,0.019860854
2024-12-23,0.4,0.4,0.056778885,0.054720983,0.046683878,0.041816253
2024-12-24,0.4,0.4,0.057686053,0.07720431,0.037154127,0.02795551
2024-12-26,0.4,0.4,0.07200456,0.066365145,0.03745303,0.024177274
2024-12-27,0.4,0.4,0.097447,0.044936202,0.038037412,0.019579386
2024-12-30,0.4,0.4,0.09482976,0.048533916,0.031111337,0.025524985
