,port_ret
2022-01-04,0.0021917103
2022-01-05,-0.011128806
2022-01-06,-0.0026154148
2022-01-07,0.00046535835
2022-01-10,-0.002678398
2022-01-11,0.0047747507
2022-01-12,0.001144227
2022-01-13,-0.011219735
2022-01-14,-0.006850462
2022-01-18,-0.015812904
2022-01-19,-0.0066788346
2022-01-20,-0.008139758
2022-01-21,-0.013346636
2022-01-24,9.747091e-05
2022-01-25,-0.004969932
2022-01-26,-0.0014155381
2022-01-27,-0.002111355
2022-01-28,0.012588514
2022-01-31,0.014505246
2022-02-01,0.01407318
2022-02-02,0.0099302875
2022-02-03,-0.016782857
2022-02-04,0.002155726
2022-02-07,-0.00143209
2022-02-08,0.0011653592
2022-02-09,0.008506434
2022-02-10,-0.011604141
2022-02-11,-0.015413276
2022-02-14,-0.0012604888
2022-02-15,0.010977421
2022-02-16,-0.00016365739
2022-02-17,-0.012579277
2022-02-18,-0.0061308644
2022-02-22,-0.011497717
2022-02-23,-0.014925232
2022-02-24,0.0043623946
2022-02-25,0.023772871
2022-02-28,-0.005092972
2022-03-01,-0.012618053
2022-03-02,0.016602749
2022-03-03,0.0003053802
2022-03-04,-0.0025568062
2022-03-07,-0.022576904
2022-03-08,-0.006205167
2022-03-09,0.021557916
2022-03-10,-0.00023075647
2022-03-11,-0.008544556
2022-03-14,-0.0036970275
2022-03-15,0.017573632
2022-03-16,0.015538274
2022-03-17,0.010325656
2022-03-18,0.0050955024
2022-03-21,-0.001247656
2022-03-22,0.00838133
2022-03-23,-0.010027198
2022-03-24,0.010423201
2022-03-25,0.0048660655
2022-03-28,0.0038536722
2022-03-29,0.0072553265
2022-03-30,-0.003130255
2022-03-31,-0.015348803
2022-04-01,0.004232863
2022-04-04,0.0036665546
2022-04-05,-0.0067470497
2022-04-06,-0.0010287856
2022-04-07,0.004209966
2022-04-08,0.0009262026
2022-04-11,-0.014943642
2022-04-12,-0.0044791033
2022-04-13,0.008333953
2022-04-14,-0.0060354616
2022-04-18,-0.0019162013
2022-04-19,0.012260538
2022-04-20,0.0032975955
2022-04-21,-0.014424394
2022-04-22,-0.028766014
2022-04-25,0.006846618
2022-04-26,-0.020586397
2022-04-27,-0.0010601854
2022-04-28,0.022324273
2022-04-29,-0.029889207
2022-05-02,0.0062550553
2022-05-03,0.0049593556
2022-05-04,0.027477972
2022-05-05,-0.027977515
2022-05-06,-0.00028003228
2022-05-09,-0.022476979
2022-05-10,0.0003569256
2022-05-11,-0.009461267
2022-05-12,0.00039600485
2022-05-13,0.018572439
2022-05-16,0.0015627617
2022-05-17,0.012143919
2022-05-18,-0.035378486
2022-05-19,-0.0055337357
2022-05-20,0.005199755
2022-05-23,0.0171249
2022-05-24,0.00024805998
2022-05-25,0.0062109954
2022-05-26,0.014233262
2022-05-27,0.017863953
2022-05-31,-0.0050220857
2022-06-01,-0.0070261895
2022-06-02,0.015563467
2022-06-03,-0.009545651
2022-06-06,0.0034192423
2022-06-07,0.004165393
2022-06-08,-0.0096939765
2022-06-09,-0.019458214
2022-06-10,-0.02559797
2022-06-13,-0.03056263
2022-06-14,-0.0037493543
2022-06-15,0.012274912
2022-06-16,-0.024373163
2022-06-17,-0.0039321496
2022-06-21,0.02536037
2022-06-22,-0.0039456175
2022-06-23,0.008949417
2022-06-24,0.02451721
2022-06-27,-0.0040134313
2022-06-28,-0.020815492
2022-06-29,-0.0006041477
2022-06-30,-0.0057213856
2022-07-01,0.010598821
2022-07-05,0.0006521618
2022-07-06,0.0030079442
2022-07-07,0.013943712
2022-07-08,-0.0019760674
2022-07-11,-0.008605987
2022-07-12,-0.007835519
2022-07-13,-0.0030521688
2022-07-14,-0.0042714635
2022-07-15,0.017947668
2022-07-18,-0.0075528775
2022-07-19,0.024977421
2022-07-20,0.0021298393
2022-07-21,0.0069068824
2022-07-22,-0.007673526
2022-07-25,0.0011586458
2022-07-26,-0.013867421
2022-07-27,0.019591669
2022-07-28,0.013451887
2022-07-29,0.011858865
2022-08-01,-0.00015469758
2022-08-02,-0.010128765
2022-08-03,0.00890029
2022-08-04,-0.004036584
2022-08-05,0.0012558551
2022-08-08,-0.0010061217
2022-08-09,-0.0005984324
2022-08-10,0.016749915
2022-08-11,0.00055043184
2022-08-12,0.016748102
2022-08-15,0.004739433
2022-08-16,0.007063706
2022-08-17,-0.00601465
2022-08-18,-0.0005725064
2022-08-19,-0.009589845
2022-08-22,-0.017087145
2022-08-23,-0.004025
2022-08-24,0.0002539432
2022-08-25,0.012416081
2022-08-26,-0.02883868
2022-08-29,-0.006073672
2022-08-30,-0.009876625
2022-08-31,-0.008394593
2022-09-01,0.0027214559
2022-09-02,-0.009921045
2022-09-06,-0.004972976
2022-09-07,0.012662135
2022-09-08,0.0063502262
2022-09-09,0.012960386
2022-09-12,0.0076337587
2022-09-13,-0.03607622
2022-09-14,-0.00016167322
2022-09-15,-0.01051442
2022-09-16,-0.0046663606
2022-09-19,0.0074802763
2022-09-20,-0.013923999
2022-09-21,-0.016670607
2022-09-22,-0.0066951504
2022-09-23,-0.017409572
2022-09-26,-0.012386158
2022-09-27,-0.0037352329
2022-09-28,0.019718697
2022-09-29,-0.018088983
2022-09-30,-0.017858613
2022-10-03,0.026550403
2022-10-04,0.029624054
2022-10-05,-0.0017697052
2022-10-06,-0.011762803
2022-10-07,-0.02494606
2022-10-10,-0.005246906
2022-10-11,-0.0062418436
2022-10-12,-0.0010505484
2022-10-13,0.02631628
2022-10-14,-0.018871535
2022-10-17,0.028724521
2022-10-18,0.011700263
2022-10-19,-0.007946562
2022-10-20,-0.0068510785
2022-10-21,0.021441815
2022-10-24,0.011380125
2022-10-25,0.01608148
2022-10-26,-0.004800571
2022-10-27,0.0009955518
2022-10-28,0.023552509
2022-10-31,-0.0063940054
2022-11-01,-0.0025783158
2022-11-02,-0.016721442
2022-11-03,-0.0034923067
2022-11-04,0.013252587
2022-11-07,0.0072676255
2022-11-08,0.0056681703
2022-11-09,-0.019503927
2022-11-10,0.04480659
2022-11-11,0.0055989414
2022-11-14,-0.006123884
2022-11-15,0.007059222
2022-11-16,-0.001869456
2022-11-17,-0.003997525
2022-11-18,0.0043376167
2022-11-21,0.0006224517
2022-11-22,0.013021262
2022-11-23,0.005312094
2022-11-25,0.0014221865
2022-11-28,-0.01278535
2022-11-29,-0.002907812
2022-11-30,0.024213571
2022-12-01,-0.0002602581
2022-12-02,-0.00050808256
2022-12-05,-0.015549105
2022-12-06,-0.014289249
2022-12-07,0.00065170653
2022-12-08,0.010412873
2022-12-09,-0.009162594
2022-12-12,0.015884876
2022-12-13,0.009065127
2022-12-14,-0.0030394732
2022-12-15,-0.020053895
2022-12-16,-0.0118698785
2022-12-19,-0.0071731005
2022-12-20,0.0022408818
2022-12-21,0.016947053
2022-12-22,-0.011785867
2022-12-23,0.0063215755
2022-12-27,-0.0040445817
2022-12-28,-0.009842592
2022-12-29,0.014191309
2022-12-30,-0.003476441
2023-01-03,0.0014330545
2023-01-04,0.0020054274
2023-01-05,-0.012960353
2023-01-06,0.01956931
2023-01-09,-0.0031989934
2023-01-10,0.0036732163
2023-01-11,0.011433481
2023-01-12,0.006139434
2023-01-13,0.005906654
2023-01-17,-0.0070943097
2023-01-18,-0.016341066
2023-01-19,-0.008922828
2023-01-20,0.014675181
2023-01-23,0.0061372863
2023-01-24,0.0032998556
2023-01-25,0.00023942102
2023-01-26,0.0017714938
2023-01-27,0.0027956965
2023-01-30,-0.009101853
2023-01-31,0.0139678335
2023-02-01,0.007858106
2023-02-02,0.010335538
2023-02-03,-0.012379857
2023-02-06,-0.0030314561
2023-02-07,0.0060413894
2023-02-08,-0.010046458
2023-02-09,-0.009800665
2023-02-10,0.0021754461
2023-02-13,0.0109142745
2023-02-14,0.000101366306
2023-02-15,0.0020602874
2023-02-16,-0.014509389
2023-02-17,-9.949254e-05
2023-02-21,-0.019818755
2023-02-22,-0.00338175
2023-02-23,0.009862761
2023-02-24,-0.008066263
2023-02-27,0.0018735089
2023-02-28,-0.005111275
2023-03-01,-0.0048668357
2023-03-02,0.008539721
2023-03-03,0.014038274
2023-03-06,0.0012153334
2023-03-07,-0.014468449
2023-03-08,0.0013656982
2023-03-09,-0.01869478
2023-03-10,-0.00968415
2023-03-13,-0.0020766072
2023-03-14,0.014036929
2023-03-15,-0.0044087726
2023-03-16,0.015307758
2023-03-17,-0.008027475
2023-03-20,0.008816767
2023-03-21,0.010388718
2023-03-22,-0.013893884
2023-03-23,0.0028482475
2023-03-24,0.0040366184
2023-03-27,0.0035625824
2023-03-28,-0.0023777867
2023-03-29,0.011895751
2023-03-30,0.005439429
2023-03-31,0.013401984
2023-04-03,0.0060822363
2023-04-04,-0.0039310767
2023-04-05,0.0007604991
2023-04-06,0.0035370756
2023-04-10,0.0016590629
2023-04-11,0.0016482276
2023-04-12,-0.0038748214
2023-04-13,0.010649106
2023-04-14,0.00024203921
2023-04-17,0.0038009414
2023-04-18,-9.067888e-05
2023-04-19,-0.0021951597
2023-04-20,-0.003724725
2023-04-21,0.0029174816
2023-04-24,0.0031449522
2023-04-25,-0.0136558255
2023-04-26,-0.008616693
2023-04-27,0.018647352
2023-04-28,0.005928118
2023-05-01,-0.0014554241
2023-05-02,-0.009748983
2023-05-03,-0.0071350154
2023-05-04,-0.008838209
2023-05-05,0.015655017
2023-05-08,0.00024383771
2023-05-09,-0.004189279
2023-05-10,0.002427238
2023-05-11,-0.0038654688
2023-05-12,-0.00044304685
2023-05-15,-0.0011792248
2023-05-16,-0.0088129565
2023-05-17,0.013630942
2023-05-18,0.006588835
2023-05-19,-0.0038868794
2023-05-22,-0.004328593
2023-05-23,-0.006718099
2023-05-24,-0.0044592135
2023-05-25,0.0088096615
2023-05-26,0.008883403
2023-05-30,-0.0019528266
2023-05-31,-0.0072261263
2023-06-01,0.008875513
2023-06-02,0.017009879
2023-06-05,-0.0035628092
2023-06-06,0.0032285517
2023-06-07,-0.0022004817
2023-06-08,0.0059369537
2023-06-09,0.0002489297
2023-06-12,0.007420808
2023-06-13,0.005886619
2023-06-14,0.00044216085
2023-06-15,0.010516651
2023-06-16,-0.0037145726
2023-06-20,-0.006034821
2023-06-21,-0.0022696978
2023-06-22,0.00019573915
2023-06-23,-0.008275886
2023-06-26,-0.003195811
2023-06-27,0.0061798426
2023-06-28,-0.00018632945
2023-06-29,0.0064531737
2023-06-30,0.010221649
2023-07-03,0.00045123463
2023-07-05,-0.0029141677
2023-07-06,-0.011460987
2023-07-07,-0.0036014386
2023-07-10,-0.0024255577
2023-07-11,0.0066858283
2023-07-12,0.006512827
2023-07-13,0.0068129133
2023-07-14,-0.0017637218
2023-07-17,-0.0036938335
2023-07-18,0.008341364
2023-07-19,0.0044613676
2023-07-20,0.0028305196
2023-07-21,0.0036567803
2023-07-24,0.005669559
2023-07-25,-7.169261e-05
2023-07-26,-0.00015769665
2023-07-27,-0.0049751475
2023-07-28,0.0044871797
2023-07-31,0.0033034876
2023-08-01,-0.0008046914
2023-08-02,-0.011302221
2023-08-03,-0.002674227
2023-08-04,-0.00456784
2023-08-07,0.008240141
2023-08-08,-0.0038745473
2023-08-09,-0.0044634733
2023-08-10,0.0011602982
2023-08-11,0.0020702798
2023-08-14,0.0021560774
2023-08-15,-0.011422035
2023-08-16,-0.008469307
2023-08-17,-0.0035406211
2023-08-18,0.00031869067
2023-08-21,0.0008503181
2023-08-22,-0.005156112
2023-08-23,0.009500933
2023-08-24,-0.012020298
2023-08-25,0.0056322194
2023-08-28,0.0046253754
2023-08-29,0.012374185
2023-08-30,0.0016537828
2023-08-31,-0.0014234873
2023-09-01,0.0006769125
2023-09-05,-0.0056734798
2023-09-06,-0.007223975
2023-09-07,-0.00012785624
2023-09-08,0.0006117905
2023-09-11,0.005832585
2023-09-12,-0.0067682997
2023-09-13,0.0016148685
2023-09-14,0.01149242
2023-09-15,-0.0070000845
2023-09-18,-0.0021951648
2023-09-19,-0.0050310865
2023-09-20,-0.0040242737
2023-09-21,-0.013961508
2023-09-22,-0.0033787957
2023-09-25,0.0018043238
2023-09-26,-0.013392668
2023-09-27,-0.0025112913
2023-09-28,0.0056850053
2023-09-29,0.0014563239
2023-10-02,-0.0039735413
2023-10-03,-0.01274775
2023-10-04,0.0014778317
2023-10-05,-0.0006793074
2023-10-06,0.008132706
2023-10-09,0.0047989287
2023-10-10,0.0066700946
2023-10-11,0.00325604
2023-10-12,-0.0052582123
2023-10-13,-0.0008142341
2023-10-16,0.010478035
2023-10-17,-0.0006666203
2023-10-18,-0.013257576
2023-10-19,-0.006030667
2023-10-20,-0.0076823253
2023-10-23,-0.0013191612
2023-10-24,0.014035106
2023-10-25,-0.009119873
2023-10-26,-0.0039937687
2023-10-27,-0.014240843
2023-10-30,0.016099542
2023-10-31,0.0071563823
2023-11-01,0.0038392406
2023-11-02,0.017230576
2023-11-03,0.0077602724
2023-11-06,-0.0010108581
2023-11-07,0.00077391136
2023-11-08,-0.0016427541
2023-11-09,-0.0063744728
2023-11-10,0.00894411
2023-11-13,0.00016991273
2023-11-14,0.02070918
2023-11-15,0.002182311
2023-11-16,0.00012113985
2023-11-17,0.0024247412
2023-11-20,0.005191277
2023-11-21,-0.0023640213
2023-11-22,0.0038593519
2023-11-24,0.002496856
2023-11-27,-0.0016192991
2023-11-28,-0.00010424264
2023-11-29,0.00082689844
2023-11-30,0.0067306734
2023-12-01,0.0054130307
2023-12-04,-0.0022027034
2023-12-05,-0.001278421
2023-12-06,-0.0022552686
2023-12-07,0.0030215515
2023-12-08,0.00093180843
2023-12-11,0.0011395122
2023-12-12,-0.0072025284
2023-12-13,0.012639627
2023-12-14,0.0054447916
2023-12-15,0.0020318998
2023-12-18,0.0018302839
2023-12-19,0.005526462
2023-12-20,-0.012143442
2023-12-21,0.008337952
2023-12-22,0.0014772846
2023-12-26,0.0025047844
2023-12-27,0.0011582627
2023-12-28,0.0017387575
2023-12-29,-0.0015672575
2024-01-02,0.0021493393
2024-01-03,-0.005332105
2024-01-04,-0.0022762143
2024-01-05,0.0038478358
2024-01-08,0.009680118
2024-01-09,-0.0036945082
2024-01-10,0.0055729905
2024-01-11,-0.0027918045
2024-01-12,0.0016491894
2024-01-16,-0.0045503145
2024-01-17,-0.008789705
2024-01-18,0.006531362
2024-01-19,0.007705298
2024-01-22,0.0017108954
2024-01-23,0.002128357
2024-01-24,-0.0023318003
2024-01-25,0.009608758
2024-01-26,0.0008116358
2024-01-29,0.007288664
2024-01-30,-0.0019038678
2024-01-31,-0.012057048
2024-02-01,0.011702747
2024-02-02,0.0036551189
2024-02-05,-0.005994806
2024-02-06,0.0049258145
2024-02-07,0.005510777
2024-02-08,0.002994724
2024-02-09,0.0013370378
2024-02-12,0.0039770314
2024-02-13,-0.013625821
2024-02-14,0.004288974
2024-02-15,0.008846752
2024-02-16,-0.0021560267
2024-02-20,-0.0008738459
2024-02-21,0.00331962
2024-02-22,0.010643473
2024-02-23,0.0015084561
2024-02-26,-0.0058908598
2024-02-27,0.0012067385
2024-02-28,0.0004456898
2024-02-29,0.0038775788
2024-03-01,0.003279169
2024-03-04,0.0008576658
2024-03-05,-0.0042580324
2024-03-06,0.0036837023
2024-03-07,0.005670179
2024-03-08,-0.0013788247
2024-03-11,0.0056010387
2024-03-12,0.008577103
2024-03-13,0.00029904564
2024-03-14,-0.0027907398
2024-03-15,-0.0022757654
2024-03-18,0.0049644867
2024-03-19,0.00621779
2024-03-20,0.0071779513
2024-03-21,0.003838884
2024-03-22,-0.004560836
2024-03-25,-0.0007977598
2024-03-26,-0.005231196
2024-03-27,0.012023812
2024-03-28,0.0014575158
2024-04-01,-0.007619525
2024-04-02,-0.006340931
2024-04-03,-0.0017909463
2024-04-04,-0.010943482
2024-04-05,0.005354775
2024-04-08,-0.0010148587
2024-04-09,0.0029585245
2024-04-10,-0.012888825
2024-04-11,0.0037386066
2024-04-12,-0.01504118
2024-04-15,-0.003650181
2024-04-16,-0.0060092015
2024-04-17,-0.0008177854
2024-04-18,0.0014314707
2024-04-19,0.00065555685
2024-04-22,0.006475873
2024-04-23,0.007880139
2024-04-24,-0.00069102785
2024-04-25,-0.0066931266
2024-04-26,0.0086641945
2024-04-29,0.0031948737
2024-04-30,-0.011887407
2024-05-01,0.0043381816
2024-05-02,0.008103448
2024-05-03,0.0067013362
2024-05-06,0.0074319965
2024-05-07,-0.0018482861
2024-05-08,0.00045985577
2024-05-09,0.008356645
2024-05-10,0.0014052028
2024-05-13,0.00012598958
2024-05-14,0.0023570412
2024-05-15,0.007192476
2024-05-16,0.001087007
2024-05-17,0.0021444466
2024-05-20,-0.00485134
2024-05-21,0.0032417232
2024-05-22,-0.0036145577
2024-05-23,-0.009348598
2024-05-24,0.003202167
2024-05-28,0.0006838931
2024-05-29,-0.009889824
2024-05-30,0.00054332684
2024-05-31,0.01242222
2024-06-03,-5.5460623e-05
2024-06-04,0.0031940616
2024-06-05,0.0030228319
2024-06-06,-0.00051085954
2024-06-07,-0.006931586
2024-06-10,0.0038894846
2024-06-11,-0.0043388726
2024-06-12,0.005452171
2024-06-13,-0.0003579727
2024-06-14,-0.0012244157
2024-06-17,0.003313
2024-06-18,0.0022915748
2024-06-20,0.005021752
2024-06-21,-0.0010046982
2024-06-24,0.004043447
2024-06-25,-0.004186126
2024-06-26,0.0034580617
2024-06-27,0.0011775632
2024-06-28,-0.008488178
2024-07-01,0.004208135
2024-07-02,0.0022646296
2024-07-03,0.0033729728
2024-07-05,0.0022214619
2024-07-08,-0.00014105311
2024-07-09,0.00073275756
2024-07-10,0.01043584
2024-07-11,-0.0003231787
2024-07-12,0.005298766
2024-07-15,-7.4541094e-05
2024-07-16,0.014774593
2024-07-17,0.0020110204
2024-07-18,-0.009251437
2024-07-19,-0.004639968
2024-07-22,0.0002072771
2024-07-23,-0.005618346
2024-07-24,-0.00892972
2024-07-25,-0.0035178454
2024-07-26,0.009090872
2024-07-29,-0.0013015242
2024-07-30,0.0017829355
2024-07-31,0.0022894475
2024-08-01,-0.0051560616
2024-08-02,-0.006355151
2024-08-05,-0.026149765
2024-08-06,0.0028751628
2024-08-07,-0.0037384005
2024-08-08,0.013067261
2024-08-09,0.0011916336
2024-08-12,-0.0012293258
2024-08-13,0.009384046
2024-08-14,0.0026499946
2024-08-15,0.011124255
2024-08-16,0.004517671
2024-08-19,0.007560053
2024-08-20,-0.0008733612
2024-08-21,0.0037929576
2024-08-22,-0.004061033
2024-08-23,0.011561736
2024-08-26,0.0023734735
2024-08-27,-0.0011832099
2024-08-28,-0.0034144416
2024-08-29,0.0019782
2024-08-30,0.008413408
2024-09-03,-0.010618437
2024-09-04,-0.00063970964
2024-09-05,-0.004143345
2024-09-06,-0.009806082
2024-09-09,0.010933045
2024-09-10,0.0064339656
2024-09-11,0.0027965563
2024-09-12,0.0051051457
2024-09-13,0.0057427157
2024-09-16,0.0074217706
2024-09-17,-0.0015998527
2024-09-18,-0.002543306
2024-09-19,0.008869514
2024-09-20,0.001314748
2024-09-23,0.0013423923
2024-09-24,0.0026629593
2024-09-25,-0.0026737675
2024-09-26,0.0012411484
2024-09-27,0.0015033302
2024-09-30,0.003950116
2024-10-01,-0.0041960967
2024-10-02,-0.0022045972
2024-10-03,-0.0064088474
2024-10-04,0.0044180737
2024-10-07,-0.007986284
2024-10-08,0.004746446
2024-10-09,0.0099913245
2024-10-10,-0.0024941042
2024-10-11,0.007524959
2024-10-14,0.0049422355
2024-10-15,-0.003625815
2024-10-16,0.0055604777
2024-10-17,-0.0026181238
2024-10-18,0.0021594882
2024-10-21,-0.007150327
2024-10-22,-0.00304418
2024-10-23,-0.0042931195
2024-10-24,0.00015542832
2024-10-25,-0.005825895
2024-10-28,0.004599042
2024-10-29,-0.005620576
2024-10-30,-0.0032226946
2024-10-31,-0.00868461
2024-11-01,0.0032408682
2024-11-04,-0.0018582786
2024-11-05,0.009602231
2024-11-06,0.014882825
2024-11-07,0.0018218951
2024-11-08,0.0033015825
2024-11-11,0.00020664075
2024-11-12,-0.0027187078
2024-11-13,0.0052557737
2024-11-14,-0.0008167041
2024-11-15,-0.0022232349
2024-11-18,0.0021328856
2024-11-19,0.0016703024
2024-11-20,-0.00051953975
2024-11-21,0.006210504
2024-11-22,0.006516132
2024-11-25,0.007453508
2024-11-26,0.0033122818
2024-11-27,-0.00094762427
2024-11-29,0.0039472254
2024-12-02,-0.0044055595
2024-12-03,-0.0022221021
2024-12-04,0.00011010029
2024-12-05,-0.0005913426
2024-12-06,-0.0009857538
2024-12-09,-0.005125441
2024-12-10,-0.0048521096
2024-12-11,0.00194446
2024-12-12,-0.0050908807
2024-12-13,-0.0033479258
2024-12-16,-0.0037119673
2024-12-17,-0.0028346688
2024-12-18,-0.024599407
2024-12-19,-0.0019141447
2024-12-20,0.010857412
2024-12-23,0.004287059
2024-12-24,0.006823528
2024-12-26,0.000558675
2024-12-27,-0.0062256446
2024-12-30,-0.008738175
